"","gene1","gene2","weight"
"1","AATF","BAX","-0.0313541549566088"
"2","AATF","LDOC1","-0.138882212399221"
"3","AATF","POLR2J","0.138838573055047"
"4","AATF","TSG101","0.3802356188858"
"5","ABL2","BTF3","0.519652263586606"
"6","AOC1","INMT","0.0187802540789394"
"7","ACAA1","PCCA","-0.176233617515704"
"8","ACAA2","PCCA","0.0999310076935702"
"9","ACAT1","AACS","-0.792692064270553"
"10","ACAT1","HMGCS2","0.0664465526691017"
"11","ACTB","AHNAK","0.23774346608515"
"12","ACTB","ARHGAP10","0.413133478177729"
"13","ACTB","CTNNA1","0.32968712474539"
"14","ACTB","ACTR3C","0.131420540941689"
"15","ACTB","ITGA2","0.303837533270331"
"16","ACTB","ITGA6","-0.0229062671345616"
"17","ACTB","ITGA9","0.551973412231704"
"18","ACTB","ITGB8","0.0385294250504645"
"19","ACTB","MYO10","0.0977899330776728"
"20","ACTB","MYO1B","0.0852486681461991"
"21","ACTB","MYO5A","-0.114007184282604"
"22","ACTB","NFYC","-0.521291352341271"
"23","ACTB","SMARCA4","0.384808233561065"
"24","ACTB","STK3","0.586632865369878"
"25","ACTB","WAS","0.821637859797656"
"26","ACTB","WASF1","-0.0358513240677668"
"27","ACTG1","CTNNA1","0.547920065221483"
"28","ACTG1","EGR3","0.233030303755197"
"29","ACTG1","NR3C2","-0.206793817332786"
"30","ACTG1","STK3","0.570147422580002"
"31","ACTL6A","TRRAP","0.609889448866996"
"32","ACTL6B","NFYC","0.177931578521037"
"33","ADH1A","CYP26A1","0.701330505823031"
"34","ADH1A","GSTA1","0.81921879861956"
"35","ADH1A","GSTA2","0.452462338853287"
"36","ADH1A","GSTA3","0.417772765534868"
"37","ADH1A","GSTA4","-0.0293310267226341"
"38","ADH1A","GSTA5","0.676575747847238"
"39","ADH1A","GSTM1","0.155758703069729"
"40","ADH1A","GSTM2","0.0543784610639023"
"41","ADH1A","GSTM3","0.159091304950035"
"42","ADH1A","GSTM4","0.12081030323262"
"43","ADH1A","GSTM5","-0.477791002447425"
"44","ADH1A","GSTO1","-0.135375237122211"
"45","ADH1A","GSTO2","-0.314528997341237"
"46","ADH1A","GSTP1","0.169686310861601"
"47","ADH1A","GSTT2","-0.194020214847864"
"48","ADH1A","GSTT2B","-0.194020214847864"
"49","ADH1A","MGST1","0.241327805870666"
"50","ADH1A","MGST2","-0.424966901025029"
"51","ADH1A","MGST3","-0.0171453473146599"
"53","AGTR1","SND1","-0.189232060609881"
"54","AGTR1","ETV4","-0.209835844589208"
"55","AGTR1","SERPINE1","0.720873127628834"
"56","AGXT2","ABAT","0.108843743671218"
"57","AIRE","AIRE","1"
"58","AKT1","BAD","-0.268525288713506"
"59","AKT1","EZH2","0.29980541784298"
"60","AKT1","MDM4","0.258800302756223"
"61","AKT1","RPS6KB1","0.24189021822323"
"62","AKT2","RPS6KB1","0.0443631968924861"
"63","AKT3","BAD","-0.010840502672536"
"64","AKT3","C6","0.44928471088152"
"65","AKT3","C7","0.217242814037036"
"66","AKT3","C8A","-0.105932645525758"
"67","AKT3","C8B","0.0970354217536375"
"68","AKT3","C9","-0.385850593080884"
"69","AKT3","CDKN1A","0.141662306255364"
"70","AKT3","PPP2R5A","-0.13590645728322"
"71","AKT3","HSP90AA1","-0.301733816872148"
"72","AKT3","HSP90AB1","-0.186060064279785"
"73","AKT3","PTK2","-0.355518807735192"
"74","AKT3","RHOB","-0.272931122176187"
"75","AKT3","RPS6KB1","-0.52018143494418"
"76","AKT3","THEM4","-0.533397276893028"
"77","AKT3","TSC2","0.385830590255974"
"78","ALDH1B1","AOC1","-0.0439420504964263"
"79","ALDH1B1","ACYP1","-0.363016851101925"
"80","ALDH1B1","ADH1A","0.377662477294158"
"81","ALDH2","AOC1","0.339730754043321"
"82","ALDH2","ACYP1","0.0908821966767926"
"83","ALDH2","ADH1A","0.33376591795095"
"84","ALDH2","ADH1B","0.466457383780525"
"85","ALDH2","ADH1C","0.224806364389104"
"86","ALDH2","ADH4","0.0503159838611871"
"87","ALDH2","AKR1B10","-0.187002456174262"
"88","ALDH2","BBOX1","-0.0247495474462038"
"89","ALDH6A1","ABAT","0.624031781727771"
"90","ALDH6A1","NFYC","0.376925200587559"
"91","ALDOB","FBP1","0.912583871589713"
"93","AMDHD1","UROC1","0.119305077490073"
"94","ANAPC11","PTTG1","0.712155624580422"
"95","ANAPC5","FOSB","-0.602829377128905"
"96","ANAPC5","MYC","-0.315674310061373"
"97","ANAPC5","PTTG1","0.56221172509079"
"98","ANAPC7","PTTG1","0.0778440345310732"
"99","ANKZF1","AURKB","-0.161255260637095"
"100","ANKZF1","CA2","-0.392566183659104"
"101","APC","APC","1"
"102","APC2","AXIN1","0.387233125795685"
"103","APC2","AXIN2","-0.21099135690824"
"104","CENPS","FANCI","0.112282642433806"
"105","ARF1","NPM1","-0.25405271059326"
"106","ARF1","MDM4","-0.0660821841075769"
"107","ARF1","WBP11","-0.15687528932133"
"108","ARID1A","POU2F1","0.394647471621174"
"109","ARID1A","SMARCA4","-0.291521376780751"
"110","ARID1B","ARID1B","1"
"111","ARID4B","SAP130","0.183303165421812"
"112","ASL","ADSL","-0.450723678079988"
"113","ASS1","ADSS1","0.183295343813676"
"114","ASS1","ASL","0.654751994358004"
"115","ATF2","ATF2","1"
"116","ATF5","ADK","-0.295958767915472"
"117","ATF5","ADRA1B","0.474228947718602"
"118","ATF5","CIRBP-AS1","0.315368186832855"
"119","ATF5","SND1","0.209967623025596"
"120","ATF5","CDKL5","-0.207854899847915"
"121","ATF5","CENPE","-0.318681905059175"
"122","ATF5","CEP55","0.427438760508728"
"123","ATF5","NPM1","0.0183163785496284"
"124","ATF5","COPA","0.0971496561540787"
"125","ATF5","DNAJC7","-0.219282655146338"
"126","ATF5","DNAJC9","-0.227258949759165"
"127","ATF5","ENOPH1","0.247970956789269"
"128","ATF5","FBXO4","0.129425151973763"
"129","ATF5","FGF13","-0.648298270721749"
"130","ATF5","FOSB","-0.0113733897515135"
"131","ATF5","GGNBP2","-0.351164348793449"
"132","ATF5","HHIP","0.32418607737658"
"133","ATF5","HNRNPU","0.0867385811771071"
"134","ATF5","HNRNPA2B1","-0.451979505578007"
"135","ATF5","NUDT3","-0.412730386762149"
"136","ATF5","IGF2BP2","-0.404224508297994"
"137","ATF5","JDP2","-0.520093401798583"
"138","ATF5","KLF13","-0.419305861540596"
"139","ATF5","KLHL12","-0.0614795137877976"
"140","ATF5","KRTCAP2","0.28564975613953"
"141","ATF5","LIG3","-0.634699265060988"
"142","ATF5","LOX","0.327348542090189"
"143","ATF5","LPP","0.0317308774157824"
"144","ATF5","MCAM","0.234314485103501"
"145","ATF5","KAT7","0.461309749465994"
"146","ATF5","NEDD1","-0.426601257524407"
"147","ATF5","ONECUT2","-0.508195599545786"
"148","ATF5","PCDH9","-0.0388149599087892"
"149","ATF5","PEX5","0.406215087466659"
"150","ATF5","PFDN6","-0.596220883385748"
"151","ATF5","PHACTR3","-0.0105128115406748"
"152","ATF5","RAD51C","0.0593773357614041"
"153","ATF5","RNF44","0.0940341355237963"
"154","ATF5","RPS27","0.246968467773201"
"155","ATF5","SAFB2","0.339092599704499"
"156","ATF5","SLC5A7","-0.0389422727836416"
"157","ATF5","STAMBP","-0.256467735462762"
"158","ATF5","TAF2","0.131214985971652"
"159","ATF5","TAPT1","-0.460735384820303"
"160","ATF5","TSPYL1","-0.326891641804468"
"161","ATF5","UCK2","0.029626854372222"
"162","ATF5","ZNF711","-0.546512235952766"
"163","ATF5","ZNF746","-0.137339731205986"
"164","ATF5","ZWILCH","0.335541848695895"
"167","ATIC","ADSS1","-0.353459854745557"
"168","ATIC","ATIC","1"
"169","ATP6V1F","EGR3","0.0358757146561923"
"171","AXIN1","PIAS1","-0.0494952103094509"
"172","B4GALT3","ATF5","0.51786151004216"
"173","B4GALT3","MYC","-0.206139813203735"
"174","TGFB1","ASH1L","0.0271248670521425"
"175","TGFB1","DCN","0.450848764062833"
"176","TGFB1","FOSB","0.582789713550248"
"178","BARD1","BARD1","1"
"179","BARD1","KAT7","-0.109098491612091"
"180","BCL2L1","BAD","-0.501826228897852"
"181","BCL2L1","MYC","-0.16431964223331"
"182","BCL2L1","NR1I2","-0.160933947652908"
"183","BDP1","POLR3F","0.115794490726367"
"184","BHLHE40","ABCF1","0.106566205573807"
"185","BHLHE40","BHLHE40","1"
"186","BHLHE40","MIEN1","-0.637009972844926"
"187","BHLHE40","FAM168B","-0.24360478285602"
"188","BHLHE40","MEPCE","0.0438909581014894"
"189","BHLHE40","SAE1","-0.0107717966414292"
"190","BHMT","DMGDH","0.705505681968161"
"191","BMP5","BMPR1A","-0.051804788925358"
"192","BMP8A","BMPR1A","-0.158921688327263"
"193","BRCA1","ACACA","0.610414007409821"
"194","BRCA1","AURKA","-0.00406451120319992"
"195","BRCA1","BAP1","-0.241235242409519"
"196","BRCA1","BRCA1","1"
"197","BRCA1","POU2F1","0.121730986628604"
"198","BRCA1","KPNA2","0.629064974773754"
"199","BRCA1","RFC1","0.102965099644237"
"200","BRCA1","SMC1A","0.107993986578361"
"201","BRCA1","TOP2A","0.611960255634004"
"202","BRCA2","BRCA1","0.209339497120885"
"203","BRCA2","BUB1B","0.25374287107397"
"204","BRCA2","ESR1","-0.236808514600489"
"205","BRCA2","FANCD2","-0.175575855344384"
"206","BRCA2","FANCG","-0.403494541435481"
"207","BRCA2","SEM1","0.326762739819243"
"208","BRCA2","HDAC1","-0.0718475950017532"
"209","BRCA2","MYC","0.230942208510585"
"210","BRCA2","PSMD3","0.215522456885857"
"211","BRCA2","RAD51","-0.433555941793429"
"212","BRD7","PAFAH1B3","-0.0439750384009505"
"213","BRD7","PTPN13","-0.635960523985035"
"214","BRD7","RPLP1","0.101929230087036"
"215","BRD8","TRRAP","0.542205483526444"
"216","URI1","URI1","1"
"218","C8A","POU2F1","-0.242114925585424"
"219","CAD","CAD","1"
"220","CAMK1","EGR3","-0.392969854600554"
"222","CAMK2B","EGR3","0.104353184854971"
"224","CAT","NFYC","-0.00796465575043595"
"225","CBX3","CBX3","1"
"226","CBX3","DSN1","-0.0331689580969547"
"227","CCNA2","BRCA1","0.575636285959893"
"228","CCNA2","E2F2","0.874282639083274"
"229","CCNA2","ETS2","-0.162826829941037"
"230","CCNA2","UBTF","-0.455565363181912"
"231","CCNA2","MYC","-0.183640930237596"
"232","CCNA2","PTMA","0.0805329879813935"
"233","CCNB1","BRCA1","0.762233271523734"
"234","CCNB1","E2F4","-0.86380777530037"
"235","CCNB1","FOXM1","0.880604287880622"
"236","CCNB1","MYC","-0.39593238385179"
"237","CCNB1","PTMA","0.0988423426064844"
"238","CCNB2","ANAPC11","0.847400540360016"
"239","CCNB2","ANAPC7","0.0603737581844864"
"240","CCND1","NPM1","-0.184806678068583"
"241","CCND1","E2F8","-0.69603775896456"
"242","CCND1","EZH2","-0.720500246674911"
"243","CCND1","NELFCD","-0.203721367831054"
"244","CCNE1","EGR3","-0.0807003120366536"
"245","CCNE1","EZH2","0.83754310132401"
"246","CCNE1","SMARCA4","0.318908463214405"
"247","CCNE1","TCF19","0.648511777912112"
"249","CD14","TLR4","-0.221547611287425"
"250","CDK1","NPM1","-0.0823296462693694"
"251","CDK1","FOXM1","0.779712154625122"
"252","CDK1","HMGA1","0.60560647781418"
"253","CDK1","MDM4","0.703386259851391"
"254","CDK1","PTMA","0.0877742650119268"
"255","CDK1","PTTG1","0.960293875091223"
"256","CDC20","FBXO5","0.363052496674068"
"257","CDC20","NFYC","0.574748571168447"
"258","CDC20","PTTG1","0.983915992056524"
"259","CDC23","NFYC","0.367421625518801"
"260","CDC23","PTTG1","0.465719625307435"
"261","CDC25B","FOXM1","0.461451814126777"
"262","CDC25C","PPP1CC","0.786605402393073"
"263","CDC6","CCNA2","0.355182481742172"
"264","CDC6","E2F2","0.0817653693543185"
"265","CDC6","E2F4","-0.317469600722187"
"266","CDC6","E2F5","0.115342799766482"
"267","CDC6","FOXM1","0.0817801662557635"
"268","CDC6","POU2F1","0.434672880860501"
"269","CDC6","MCM2","-0.0549284722610643"
"270","CDC6","MCM7","-0.182096297199651"
"271","CDC6","MYC","-0.721655914652503"
"272","CDK4","CDK4","1"
"273","CDK6","MCM2","-0.506348860023979"
"274","CDK7","ERCC3","-0.0245179859859424"
"275","CDK7","ESR1","-0.363404988626005"
"276","CDK7","MCM7","-0.0544538695527567"
"277","CDK7","PCGF6","0.0285633479169474"
"278","CDKN1A","ARID1A","-0.131100254787609"
"279","CDKN1A","NPM1","-0.220732738060547"
"280","CDKN1A","DNMT3A","0.0402097103373752"
"281","CDKN1A","ESR1","-0.0571652167312763"
"282","CDKN1A","ETS2","0.155411146706949"
"283","CDKN1A","MYC","0.0091244695433022"
"284","CDKN1A","PTMA","0.0255765619273891"
"285","CDKN1A","SMAD2","0.270459507362107"
"286","CDKN1A","SMARCA4","0.733463003343704"
"287","CDKN1A","TAF5","-0.385068095783441"
"288","CDKN1A","NELFCD","-0.771503746138954"
"289","CDKN1A","TSG101","0.247649045213996"
"290","CDKN2A","DNMT3A","0.0595214679346989"
"291","CDKN2A","ETS2","0.0758644238169865"
"292","CDKN2A","FOXM1","0.17943976158368"
"293","CDKN2A","HDAC1","0.148476989699011"
"294","CDKN2A","MYC","-0.177265032151005"
"295","CDKN2A","SMARCA4","0.118310728368728"
"296","CDKN2C","EGR3","-0.0211605166191502"
"297","CDKN2C","WDR5","0.226225395662022"
"298","CDKN2C","RBBP5","-0.189777483093513"
"300","CFI","C3","-0.250387646705288"
"301","CITED2","LHX2","-0.036261574361821"
"302","CKS1B","NFYC","0.306524989471739"
"303","CKS1B","SKP2","0.294689173861622"
"304","CKS2","SKP2","-0.057014510393686"
"305","NPM1","NCL","-0.221963673213454"
"306","NPM1","NOP2","-0.319885965720519"
"307","NPM1","TCERG1","0.0325302219236005"
"308","NPM1","XPO1","-0.0817401893786843"
"309","CLEC4M","IL10","-0.440360774185447"
"310","CLOCK","CSNK1D","0.591937663033326"
"311","CNDP1","CNDP1","1"
"312","CNOT3","CAND1","-0.238054438047726"
"313","CNOT3","CNOT1","-0.575268989044425"
"314","CNOT4","CNOT1","0.0301778105045549"
"315","CNOT4","UBE2D2","0.704055382326522"
"316","CNOT6","CNOT6","1"
"317","COIL","COIL","1"
"318","CSNK1A1","HMGB2","0.195474688974921"
"319","CSNK1A1","MDM4","-0.354342147054648"
"320","CSNK1A1L","APC2","0.231423934993714"
"321","CSNK1A1L","AXIN1","-0.295726577890537"
"322","CSNK2A1","BDP1","-0.526355531093513"
"323","CSNK2A1","BRCA1","0.279703297161677"
"324","CSNK2A1","CUX2","0.491195983790156"
"325","CSNK2A1","UBTF","0.323587492663033"
"326","CSNK2A1","MAZ","0.11577730972829"
"327","CSNK2A1","SSRP1","0.40349400385676"
"328","CSNK2A1","ZHX1","0.438546133862196"
"329","CTCF","CTCF","1"
"330","CTNNA1","FOSB","-0.431038713952641"
"331","CTNNB1","CTNNB1","1"
"332","CTNNBL1","STAMBP","0.0566135007869447"
"333","CYP1A2","CYP26A1","0.650410476610821"
"334","CYP1A2","CYP2C19","0.34098802347243"
"335","CYP1A2","CYP2C8","0.874152540812023"
"336","CYP1A2","CYP2C9","0.766065212721258"
"337","CYP1A2","CYP2J2","0.616208620794021"
"338","CYP1A2","GSTO2","-0.310977404925906"
"339","CYP1A2","NAT2","0.43642310017041"
"340","CYP26A1","CYP2B6","0.365500397679321"
"341","CYP26A1","POU2F1","-0.455471986982221"
"342","CYP2A6","CYP2B6","0.374000545435762"
"343","CYP2A7","CYP26A1","-0.137845297938776"
"344","CYP2C8","CYP26A1","0.320283991407191"
"345","CYP2C8","NR1I2","0.244587364035695"
"346","CYP2C9","NR1I2","0.284225230775781"
"347","CYP8B1","AKR1D1","-0.199437812182174"
"348","DACH1","UBE2I","0.13601729631014"
"349","DCN","NR1H4","0.497827297501547"
"350","DCTN2","EGR3","-0.0467315873234966"
"351","DCTN2","TUBA1B","0.448301282307364"
"353","DDB2","CUL4A","-0.412042775237937"
"354","DDB2","CUL4B","0.123501521890386"
"355","DDX20","DHX9","-0.146318430713603"
"356","DDX20","GEMIN5","-0.286686819769585"
"357","DDX20","SNRPD2","-0.0186521455556989"
"358","DDX20","SNRPE","0.278939223306389"
"359","DDX20","SNRPF","0.0954796127542536"
"360","DEK","DEK","1"
"361","DGKQ","PLCD3","0.435850431500303"
"362","DGKZ","EGR3","0.25164041079589"
"363","DGKZ","PLCD3","0.139951395160485"
"364","NFE2L2","CFTR","-0.310689036805622"
"365","NFE2L2","COPS7A","-0.212501449918437"
"366","NFE2L2","EIF2AK1","-0.346766545843697"
"367","NFE2L2","HBB","-0.0404453451526973"
"368","NFE2L2","HMOX1","-0.55099908395627"
"369","NFE2L2","NQO1","0.146910997998649"
"370","NFE2L2","PMF1","0.329037964955534"
"371","NFE2L2","ZIC2","-0.0105201253628528"
"372","DNMT1","DNMT1","1"
"373","DNMT3A","CBX1","0.279961417300142"
"374","DNMT3A","EZH2","0.433884683219166"
"375","DNMT3A","POU2F1","0.5218582391536"
"376","DNMT3A","PIAS1","0.128837124706391"
"377","DNMT3A","SETDB1","0.475260146794669"
"378","DNMT3A","SUV39H1","0.467291474740663"
"379","DNMT3A","UBE2I","0.433242329989289"
"381","DR1","NR2C2","-0.10020050437197"
"382","DR1","POLE3","0.0893103836049804"
"383","DR1","PTGS2","-0.362734339831763"
"384","DTX1","DTX1","1"
"385","DUSP1","ATF5","-0.360862374647766"
"386","DUSP1","NFE2L2","0.323655334761805"
"387","DUSP6","MYC","0.18464408434631"
"388","DUT","TK1","0.348983261844655"
"389","DVL1","BRD7","-0.0696647421193346"
"390","DVL1","FRAT1","-0.284671637319547"
"391","DVL1","FRAT2","0.0427730195235514"
"392","DVL1","NKD2","0.483843361587915"
"393","DVL2","FOSB","-0.16294097447829"
"394","DVL2","FRAT1","-0.652300493030453"
"395","DVL2","RNPS1","0.545795599017122"
"396","DVL2","NKD2","0.391800765569891"
"397","DVL3","FRAT1","-0.122732958155524"
"398","DVL3","KAT7","0.0926079260866843"
"399","DVL3","NKD2","-0.13112413583342"
"400","DYNC1H1","TUBA1B","0.319578393481679"
"401","DYNC1I2","TUBA1B","0.477357802718164"
"402","DYNLL1","EGR3","0.410984707227904"
"403","DYNLL1","NRF1","0.365658881744139"
"404","DYNLL1","TUBA1B","0.198144207647192"
"405","DYNLL1","ZHX1","0.599581436908175"
"406","DYNLL1","ZMYND11","0.427470836166696"
"408","E2F1","E2F1","1"
"409","E2F2","ACSL1","-0.51162793778015"
"410","E2F2","ACTR6","-0.00727748673914889"
"411","E2F2","AGBL5","0.275006015288663"
"412","E2F2","AP1S1","0.312035554479135"
"413","E2F2","APIP","-0.0225678876876912"
"414","E2F2","ARHGAP11A","-0.064235346596179"
"415","E2F2","ARID1A","-0.362205437836141"
"416","E2F2","ARID3B","-0.552904146238484"
"417","E2F2","ARL6IP6","0.73608285024717"
"418","E2F2","ARSJ","-0.431929848680779"
"419","E2F2","CSRNP1","-0.640391592943073"
"420","E2F2","BAP1","-0.117081117538263"
"421","E2F2","PRRC2C","0.182273749656332"
"422","E2F2","BMPR1B","0.100958572013186"
"423","E2F2","C11orf54","0.560777267652768"
"424","E2F2","BROX","-0.463148656238802"
"425","E2F2","PRR14L","0.0490253807131179"
"426","E2F2","CA2","0.183229417770778"
"427","E2F2","CAMK2B","-0.247068187433877"
"428","E2F2","CAPRIN1","0.581697407517593"
"429","E2F2","CBX3","-0.400490469570662"
"430","E2F2","CCNE2","-0.191898208458429"
"431","E2F2","CCT3","0.0812144142028881"
"432","E2F2","CDCA3","0.860626968030818"
"433","E2F2","CHRDL1","-0.107894944076877"
"434","E2F2","CLTA","0.183540272559655"
"435","E2F2","CNOT10","0.303086813193636"
"436","E2F2","COPS6","0.709317861009127"
"437","E2F2","DEK","0.780894790413716"
"438","E2F2","DENR","-0.0811285810462005"
"439","E2F2","DHX30","0.13018038798846"
"440","E2F2","DHX9","0.209423257586291"
"441","E2F2","DPF2","0.129096534796308"
"442","E2F2","DTL","0.82868969331281"
"443","E2F2","DTX1","-0.430262682453607"
"444","E2F2","EFCAB7","0.461341595855887"
"445","E2F2","FUS","0.0416938921081441"
"446","E2F2","GALNT11","0.209844535218157"
"447","E2F2","GCHFR","0.314310958881929"
"448","E2F2","GON4L","-0.215328083524016"
"449","E2F2","GPAA1","0.680308120567078"
"450","E2F2","GPR158","-0.178569187681251"
"451","E2F2","GTF3C2","0.259345212020677"
"452","E2F2","HAT1","0.467469938165783"
"453","E2F2","HMGB2","0.147394869982991"
"454","E2F2","PTPRB","-0.253844730973949"
"455","E2F2","SLC16A2","0.374819647920269"
"456","E2F2","MSH3","0.327142719702858"
"457","E2F2","SAP30L","0.646567542497625"
"458","E2F2","SETD2","-0.640231291522852"
"459","E2F2","IGFBP3","-0.66523365018538"
"460","E2F2","KIAA1143","-0.626852396283043"
"461","E2F2","KLHDC3","-0.158048600180393"
"462","E2F2","LHX2","-0.25547829451009"
"463","E2F2","MZT1","-0.462340069532995"
"464","E2F2","MSH6","0.38174393380959"
"465","E2F2","NSF","0.297313688710924"
"466","E2F2","UBE2S","0.841232281935811"
"467","E2F2","LRRC4C","-0.143216877006216"
"468","E2F2","MAPRE1","0.430494016731564"
"469","E2F2","MCM10","0.498658865287747"
"470","E2F2","MELK","0.967937938948533"
"471","E2F2","MEPCE","0.0799382212662543"
"472","E2F2","METTL15","0.496615753290663"
"473","E2F2","RBM28","0.167327878755477"
"474","E2F2","MRPL24","0.378149736979899"
"475","E2F2","MRPL49","0.556490605780058"
"476","E2F2","MYC","-0.120681252994116"
"477","E2F2","MYOZ3","0.655441333244343"
"478","E2F2","N4BP2L1","-0.0029720000565758"
"479","E2F2","NEK2","0.767924948730158"
"480","E2F2","NIPBL","0.211527706911345"
"481","E2F2","NKD2","-0.10822513244971"
"482","E2F2","NPY1R","0.0314799904023638"
"483","E2F2","NR2C2AP","0.276565181951974"
"484","E2F2","NSFL1C","0.45643502577803"
"485","E2F2","OAS2","0.0135929467144585"
"486","E2F2","PARD3","0.361684215763169"
"487","E2F2","PHYHIPL","0.00714179080315562"
"488","E2F2","POLE2","0.591464242807233"
"489","E2F2","PPM1D","0.289621714246693"
"490","E2F2","PTGS2","-0.457847355820491"
"491","E2F2","PTMA","0.0114297731333656"
"492","E2F2","PXMP2","0.399797590288969"
"493","E2F2","RASSF4","0.108263226346748"
"494","E2F2","RBM22","0.36114821262915"
"495","E2F2","RDH16","0.200080945720773"
"496","E2F2","RPL29","-0.134784168805491"
"497","E2F2","RPS6KB1","0.189009919537383"
"498","E2F2","SHB","-0.345080270775627"
"499","E2F2","SLC25A20","-0.00131562883074047"
"500","E2F2","SMARCE1","0.412806034777338"
"501","E2F2","SMC4","-0.419415134570322"
"502","E2F2","SORL1","-0.15028910387821"
"503","E2F2","SPRY2","-0.591821842192353"
"504","E2F2","STAG1","0.712082273466517"
"505","E2F2","STK35","-0.410980964360542"
"506","E2F2","STOML2","0.162583356012867"
"507","E2F2","SUV39H1","0.662880177890836"
"508","E2F2","SUZ12","0.60242719635129"
"509","E2F2","TACC3","0.711097581969337"
"510","E2F2","TCP1","0.211494126184847"
"511","E2F2","TMEM53","-0.673268910355677"
"512","E2F2","TMPO","0.287391948274508"
"513","E2F2","TRMT12","-0.743216072237071"
"514","E2F2","TRMT6","0.0920346089176583"
"515","E2F2","TSPAN7","-0.108965422119847"
"516","E2F2","TUFT1","0.286231378867176"
"517","E2F2","UHRF1","0.716557305314504"
"518","E2F2","UNG","-0.258856110361037"
"519","E2F2","USP1","-0.105506811031171"
"520","E2F2","UTRN","-0.213289751105853"
"521","E2F2","DCAF7","0.236155906510088"
"522","E2F2","WRAP73","0.0811910895821187"
"523","E2F2","WNT5A","0.548460539279718"
"524","E2F2","WNT9A","-0.259667075947999"
"529","E2F3","E2F3","1"
"530","E2F4","ANLN","-0.946668384884732"
"531","E2F4","AP1S1","-0.131926317881524"
"532","E2F4","ARID1A","0.359859188422832"
"533","E2F4","ATF5","-0.1965535053238"
"534","E2F4","AURKB","-0.908249556906739"
"535","E2F4","CSRNP1","0.739075516221074"
"536","E2F4","BAP1","0.126933312052266"
"537","E2F4","BARD1","-0.829113033427268"
"538","E2F4","GPANK1","0.0985265980008544"
"539","E2F4","BUB3","0.115725719714555"
"540","E2F4","PRR14L","0.0603278222600576"
"541","E2F4","CDC37L1","0.220458856891986"
"542","E2F4","CHRDL1","-0.0261355738329593"
"543","E2F4","CKS1B","-0.363402505079719"
"544","E2F4","COL4A1","0.0782715758760708"
"545","E2F4","COPS6","-0.685406499259539"
"546","E2F4","CSE1L","0.0253229992103"
"547","E2F4","CTH","0.45168067379367"
"548","E2F4","DENR","-0.165543775378167"
"549","E2F4","DIRAS3","0.171323364098234"
"550","E2F4","DTL","-0.845999129953011"
"551","E2F4","E2F2","-0.883932978326921"
"552","E2F4","F3","0.496679394939531"
"553","E2F4","FBLN1","-0.190831402751345"
"554","E2F4","G6PD","-0.71192424403918"
"555","E2F4","GALNT11","-0.536667027294043"
"556","E2F4","GJB2","-0.189077759617646"
"557","E2F4","GON4L","-0.0369053869601062"
"558","E2F4","HLTF","-0.159685865062838"
"559","E2F4","PCLAF","-0.398690531472838"
"560","E2F4","ITGB3BP","-0.266740902016993"
"561","E2F4","KHDRBS1","-0.458569311445944"
"562","E2F4","KIAA1143","0.537121264904624"
"563","E2F4","KIF4A","-0.892353079936033"
"564","E2F4","LHX2","0.369010254609348"
"565","E2F4","MZT1","0.25741241092874"
"566","E2F4","MSH6","-0.493506257093484"
"567","E2F4","RPL23A","-0.217557903260198"
"568","E2F4","NSF","-0.345682351915064"
"569","E2F4","UBE2S","-0.865099072091612"
"570","E2F4","LRRC4C","0.321986826290774"
"571","E2F4","MCM10","-0.549670986034562"
"572","E2F4","MCM7","-0.687561282783743"
"573","E2F4","MELK","-0.895590866393186"
"574","E2F4","MEPCE","-0.324191480093142"
"575","E2F4","MKI67","-0.811833115352227"
"576","E2F4","MYC","0.232489545516654"
"577","E2F4","N4BP2L1","0.387394231538666"
"578","E2F4","NCBP2","-0.279701260525356"
"579","E2F4","NDC80","-0.650229932123091"
"580","E2F4","NEK2","-0.726296001046056"
"581","E2F4","PHYHIPL","0.0487885052391987"
"582","E2F4","PLK4","-0.834643279004552"
"583","E2F4","PLSCR4","0.508774397723837"
"584","E2F4","PRC1","-0.885153830950946"
"585","E2F4","PTMA","0.0726876210662134"
"586","E2F4","RABIF","-0.83998244970668"
"587","E2F4","RASSF4","-0.201155606855576"
"588","E2F4","RBM22","-0.720945503603981"
"589","E2F4","RFC3","-0.518034136184194"
"590","E2F4","RFC4","-0.82513463141585"
"591","E2F4","RHOBTB1","0.0979819411199032"
"592","E2F4","PTBP3","-0.504271754505414"
"593","E2F4","RPL15","-0.500339268779802"
"594","E2F4","RPL29","0.281244545368314"
"595","E2F4","RPS4X","-0.0654781314151539"
"596","E2F4","RRM1","-0.91984781684151"
"597","E2F4","SHB","0.573118715866324"
"598","E2F4","SMAD2","0.111665122120554"
"599","E2F4","SMARCA4","-0.314729623490179"
"600","E2F4","SMARCE1","-0.497273203969001"
"601","E2F4","SMC2","-0.0568583429108609"
"602","E2F4","SMC4","0.358699690094332"
"603","E2F4","SORL1","0.25842338193216"
"604","E2F4","STAM","-0.543519072428162"
"605","E2F4","SUPT4H1","-0.494280641765613"
"606","E2F4","SUZ12","-0.857952149503155"
"607","E2F4","TACC3","-0.64635210477599"
"608","E2F4","TBL2","0.201774550439033"
"609","E2F4","TERT","-0.859654369951615"
"610","E2F4","TK1","-0.817249875467032"
"611","E2F4","TMPO","-0.418581448261443"
"612","E2F4","TOP2A","-0.911936292278891"
"613","E2F4","TTK","-0.972212542058043"
"614","E2F4","WNT5A","-0.43469324777271"
"615","E2F4","WNT9A","0.399139579393891"
"617","E2F5","AGBL5","0.248776265277615"
"618","E2F5","AP1S1","0.646140598072262"
"619","E2F5","APIP","0.213342917958567"
"620","E2F5","ARHGAP11A","-0.433665688526504"
"621","E2F5","ARID1A","-0.339555412554727"
"622","E2F5","ARL6IP6","0.173270838549441"
"623","E2F5","ARSJ","-0.205392293446237"
"624","E2F5","ATF5","-0.601196187144317"
"625","E2F5","CSRNP1","-0.0110546491868023"
"626","E2F5","BAP1","-0.512577329237029"
"627","E2F5","PRRC2C","0.21355589806171"
"628","E2F5","BMPR1B","0.0154306405111626"
"629","E2F5","BROX","0.37464470489746"
"630","E2F5","PRR14L","0.335847713217146"
"631","E2F5","CA2","0.570055526841683"
"632","E2F5","CAMK2B","0.118617202602581"
"633","E2F5","CAPRIN1","0.0885853695691616"
"634","E2F5","CBX3","0.0288787258229549"
"635","E2F5","CCT3","0.406798152529915"
"636","E2F5","CDCA7","0.0390835342531954"
"637","E2F5","CHCHD7","0.544848058940759"
"638","E2F5","CHRDL1","-0.120240452201882"
"639","E2F5","CLTA","-0.119401095869749"
"640","E2F5","CNOT10","0.191290720085468"
"641","E2F5","COPS6","0.379815790750556"
"642","E2F5","DEK","0.302740112875657"
"643","E2F5","DENR","-0.234296876858738"
"644","E2F5","DHX30","-0.467718230316949"
"645","E2F5","DHX9","-0.011921240320788"
"646","E2F5","DTL","-0.07345013762474"
"647","E2F5","EFCAB7","0.576514412547347"
"648","E2F5","FBLN1","-0.0485644156055164"
"649","E2F5","FUS","0.00938247920952467"
"650","E2F5","FZD9","-0.236684680498422"
"651","E2F5","GALNT11","-0.345495418130536"
"652","E2F5","GON4L","-0.215014009535243"
"653","E2F5","GPAA1","0.228526415994456"
"654","E2F5","GPR158","-0.29456961585795"
"655","E2F5","GTF3C2","0.0178972017823464"
"656","E2F5","HAT1","0.724020434105335"
"657","E2F5","HMGB2","0.421496900857073"
"658","E2F5","PTPRB","-0.753102915026515"
"659","E2F5","SLC16A2","-0.163454727359818"
"660","E2F5","MSH3","0.20429691053397"
"661","E2F5","SAP30L","0.496829971561308"
"662","E2F5","SETD2","-0.6027845967353"
"663","E2F5","IGFBP3","-0.305917053919454"
"664","E2F5","KIAA1143","-0.529312627401432"
"665","E2F5","KLHDC3","0.227995076821128"
"666","E2F5","LHX2","-0.331165665220965"
"667","E2F5","MZT1","-0.302322341252999"
"668","E2F5","MSH6","-0.591274321740002"
"669","E2F5","NSF","0.226991854758826"
"670","E2F5","UBE2S","0.0882979448174363"
"671","E2F5","LOXL2","-0.274170810867"
"672","E2F5","LRRC4C","-0.528374491511125"
"673","E2F5","MCM10","0.345736575597943"
"674","E2F5","MCM4","0.366551289564677"
"675","E2F5","MCM7","0.283855213798329"
"676","E2F5","MELK","0.302146513156757"
"677","E2F5","MEPCE","-0.213116646531211"
"678","E2F5","METTL15","0.102554256060382"
"679","E2F5","RBM28","-0.286856881880491"
"680","E2F5","MRPL24","0.481117055954689"
"681","E2F5","MRPL49","0.36173197757571"
"682","E2F5","MYC","-0.131930983990662"
"683","E2F5","MYOZ3","0.188200524867816"
"684","E2F5","N4BP2L1","0.0571586521748526"
"685","E2F5","NCBP2","0.262762264569807"
"686","E2F5","NIPBL","-0.50190087029439"
"687","E2F5","NKD2","-0.543408866978282"
"688","E2F5","NPY1R","0.591072993606991"
"689","E2F5","NR2C2AP","-0.00244123562602537"
"690","E2F5","NSFL1C","-0.215384786773252"
"691","E2F5","PHYHIPL","-0.597079095837646"
"692","E2F5","PPM1D","0.525812837007915"
"693","E2F5","PTMA","0.27804117456592"
"694","E2F5","PXMP2","0.625216941822719"
"695","E2F5","RAD51","-0.0944872262829302"
"696","E2F5","RASSF4","-0.043154235765759"
"697","E2F5","RBM22","-0.0994033474222741"
"698","E2F5","RHOBTB1","0.1624209036006"
"699","E2F5","PTBP3","-0.667790501269333"
"700","E2F5","RPL15","0.363616549931241"
"701","E2F5","RPL29","0.0580986787131849"
"702","E2F5","SHB","-0.354182620606399"
"703","E2F5","SLC25A20","0.5285743401331"
"704","E2F5","SMAD2","0.158364980025965"
"705","E2F5","SMARCE1","-0.0185830512934046"
"706","E2F5","SMC4","-0.17796472029663"
"707","E2F5","SORL1","0.226311099416317"
"708","E2F5","SPRY2","-0.0031363471232135"
"709","E2F5","STK35","-0.0577337732076111"
"710","E2F5","STOML2","-0.098170741854499"
"711","E2F5","SUV39H1","0.171266775154849"
"712","E2F5","TACC3","0.339339570876385"
"713","E2F5","TCP1","0.528221686656586"
"714","E2F5","TMEM53","-0.276379673608538"
"715","E2F5","TMPO","-0.431070154908256"
"716","E2F5","TRMT6","0.0373875082032864"
"717","E2F5","TSPAN7","-0.367807380754465"
"718","E2F5","TUFT1","0.182096026423502"
"719","E2F5","UHRF1","0.202074984843464"
"720","E2F5","UNG","0.0896989419830533"
"721","E2F5","KDM6A","0.0694252650528331"
"722","E2F5","WRAP73","-0.000659073583142237"
"723","E2F5","WNT5A","0.246883587437517"
"724","E2F5","WNT9A","-0.108552154726301"
"728","EBF1","EBF1","1"
"729","ECHS1","ACADM","0.617988628936042"
"730","ECHS1","IVD","0.459646521434192"
"731","EGFR","ATP6AP1","-0.172894286917879"
"732","EGFR","ATP6V1C2","0.0946020211948169"
"733","EGFR","ATP6V1H","0.046669911240586"
"734","EGFR","BRCA1","-0.647979109371172"
"735","EGFR","FGF23","0.0857032934818929"
"736","EGFR","HDAC1","0.311794667943617"
"737","EGFR","NR3C2","0.708317527129436"
"738","EGFR","PLCB1","-0.0611700329537618"
"739","EGFR","PLCB2","0.108363213300033"
"740","EGFR","PTK2","0.138862473423232"
"741","EGFR","TSG101","0.200729996144876"
"742","EGFR","XRCC6","-0.459061811595768"
"743","EGR1","EGR1","1"
"744","EGR3","AHCTF1","-0.403470603016751"
"745","EGR3","AP1S1","0.0518787588453727"
"746","EGR3","ARID4B","-0.0548966017727321"
"747","EGR3","BROX","-0.338461353993405"
"748","EGR3","PRR14L","0.564617129952162"
"749","EGR3","CALM1","-0.235425880981323"
"750","EGR3","CAMSAP2","0.0532238831173195"
"751","EGR3","CCDC124","0.295899328025167"
"752","EGR3","CDYL","0.00238462193254966"
"753","EGR3","AGAP1","-0.221011626024533"
"754","EGR3","AGAP3","0.61868127561085"
"755","EGR3","CEP70","-0.00639761884026677"
"756","EGR3","CHKA","-0.552031757860134"
"757","EGR3","CKAP5","-0.216472926252253"
"758","EGR3","COLEC12","0.0607377156091179"
"759","EGR3","CSNK1G1","0.349655860951346"
"760","EGR3","CYP39A1","0.0155097652002798"
"761","EGR3","DNAJC14","-0.368384886659972"
"762","EGR3","ERGIC3","0.570777476696245"
"763","EGR3","EZH1","0.0630894445462556"
"764","EGR3","FAM20B","-0.303808894692476"
"765","EGR3","FAM83H","-0.145533896991851"
"766","EGR3","FKBP1A","0.549072474711845"
"767","EGR3","FREM2","0.387822609701279"
"768","EGR3","FSD1L","-0.511306783181541"
"769","EGR3","HNRNPL","-0.341003845068063"
"770","EGR3","HNRNPU","-0.415032077831715"
"771","EGR3","IFFO1","-0.220768004480595"
"772","EGR3","LYVE1","0.235821564178681"
"773","EGR3","KDM5B","-0.106446344748324"
"774","EGR3","KCNN2","-0.198241882635748"
"775","EGR3","KIF2C","-0.237242589743693"
"776","EGR3","SPNS1","0.382375628377408"
"777","EGR3","PGP","-0.130785836833578"
"778","EGR3","C12orf75","0.0748363128888725"
"779","EGR3","PURA","-0.478849467091779"
"780","EGR3","MAZ","0.245698199426519"
"781","EGR3","NSF","0.170365845244963"
"782","EGR3","LRRC42","0.263572942644191"
"783","EGR3","LSM2","0.131435009496421"
"784","EGR3","MASTL","0.0665759438359599"
"785","EGR3","MATR3","-0.255055902790893"
"786","EGR3","MID1","0.312309989491088"
"787","EGR3","MLLT6","-0.0767792968180713"
"788","EGR3","MORC2","-0.65639368416382"
"789","EGR3","MRPL34","-0.0258824531563927"
"790","EGR3","MTCH1","-0.28108260118114"
"791","EGR3","NDUFA4L2","-0.0797656991863826"
"792","EGR3","NKIRAS2","0.0643700083850257"
"793","EGR3","NR2C2","-0.785781500354375"
"794","EGR3","NTN4","0.141616290665202"
"795","EGR3","PABPC1","0.258461702969525"
"796","EGR3","PAFAH1B3","-0.202853720344643"
"797","EGR3","PITPNM3","-0.0887323996327714"
"798","EGR3","PPOX","-0.201049095293644"
"799","EGR3","PRKAR2B","0.504444683275604"
"800","EGR3","PRPF3","-0.511798126801035"
"801","EGR3","PTPN3","-0.0965235856854867"
"802","EGR3","RANBP1","0.0670460960987824"
"803","EGR3","RBBP7","0.0932227230508453"
"804","EGR3","RNASEH2A","0.0626714422810067"
"805","EGR3","SF3B4","-0.245040231014783"
"806","EGR3","SFT2D2","0.252321968831702"
"807","EGR3","SNX27","-0.195715326905029"
"808","EGR3","SNX30","0.622532827844013"
"809","EGR3","SOCS2","0.512785045563979"
"810","EGR3","SORT1","0.400980427631173"
"811","EGR3","SPINT2","0.670606855987315"
"812","EGR3","STAMBP","0.143813834714586"
"813","EGR3","TAF5","-0.0591397160368198"
"814","EGR3","TDRKH","-0.162669428412071"
"815","EGR3","THOC2","-0.295576552521319"
"816","EGR3","THOC6","-0.288449314393644"
"817","EGR3","TLCD1","0.260379455440913"
"818","EGR3","UBAP2L","-0.26352165039746"
"819","EGR3","UBE2Z","-0.257429688840352"
"820","EGR3","USP39","-0.158640127057461"
"821","EGR3","USP43","-0.40030834017022"
"822","EGR3","DCAF11","0.051276734834073"
"823","EGR3","XPR1","-0.174614842983663"
"824","EGR3","ZNF706","0.568468725867369"
"825","EGR3","ZSWIM5","-0.293931512709286"
"826","EGR3","ZSWIM6","-0.529797803511232"
"827","EHD3","RBSN","-0.460117771209525"
"828","EHHADH","ACAT1","0.341521621574912"
"829","EHHADH","IVD","0.292255532155421"
"830","ELAVL1","ATF5","0.554630573247359"
"831","ELAVL1","TRAF5","0.0956012304363139"
"832","ELAVL1","ZFP36","-0.296085054931113"
"833","ELK1","ACD","0.0195907899287158"
"834","ELK1","ACTG2","-0.482913299622213"
"835","ELK1","AP3B1","0.0602241112276646"
"836","ELK1","ARID2","-0.301330946631988"
"837","ELK1","ASXL2","-0.462586299272049"
"838","ELK1","BANF1","0.321244282843577"
"839","ELK1","GPANK1","-0.535836316454567"
"840","ELK1","BLM","0.161727924961778"
"841","ELK1","SFR1","-0.786762181356738"
"842","ELK1","AP5M1","-0.744643136034309"
"843","ELK1","C17orf58","0.204188433982774"
"844","ELK1","SMG8","-0.359186372128741"
"845","ELK1","BROX","0.0109191513400929"
"846","ELK1","SND1","0.753310872462106"
"847","ELK1","CBLN2","-0.427037460009935"
"848","ELK1","CDCA8","0.186806571801902"
"849","ELK1","CENPF","-0.122575634602438"
"850","ELK1","CIDEB","-0.310638878768028"
"851","ELK1","CITED2","-0.642134810823114"
"852","ELK1","CLK2","0.245417850449794"
"853","ELK1","COLEC11","-0.411218392205021"
"854","ELK1","COMMD5","-0.250667119672006"
"855","ELK1","COPA","0.475551343831481"
"856","ELK1","CPSF3","-0.0852194065517409"
"857","ELK1","CSPP1","0.432174549438921"
"858","ELK1","DAP3","-0.349217209707043"
"859","ELK1","DDX55","0.367413136677188"
"860","ELK1","DHX30","0.407963516326983"
"861","ELK1","DISP1","-0.0644441154980067"
"862","ELK1","DNAJC7","-0.515508313931002"
"863","ELK1","EIF2AK1","0.0769335646124441"
"864","ELK1","EIF3G","0.340814136812914"
"865","ELK1","EMG1","-0.177078302331118"
"866","ELK1","EPB41L4A","-0.360916631544003"
"867","ELK1","EPHA2","0.219622212012803"
"868","ELK1","ERCC3","0.578981222867311"
"869","ELK1","MECOM","0.448970889476642"
"870","ELK1","EXOSC10","-0.667824564290877"
"871","ELK1","FANCI","-0.000302466989714024"
"872","ELK1","FBXL18","-0.395225939159023"
"873","ELK1","FBXW2","0.548551166566498"
"874","ELK1","FUT4","0.0908347488401557"
"875","ELK1","FZD4","0.225378850633616"
"876","ELK1","HEATR1","0.182889056015778"
"877","ELK1","MSH3","0.245161166258991"
"878","ELK1","ITGB3BP","-0.442969266514667"
"879","ELK1","ITPA","-0.0538497551210302"
"880","ELK1","KBTBD4","-0.608011855170361"
"881","ELK1","KCND3","0.135095171809091"
"882","ELK1","KCNN2","-0.177936660623407"
"883","ELK1","MLEC","0.68756010481389"
"884","ELK1","KIF4A","-0.0329015266297693"
"885","ELK1","KLHDC3","-0.146669689858293"
"886","ELK1","LASP1","0.490650864446179"
"887","ELK1","FAM168B","0.434776391854441"
"888","ELK1","ZSCAN29","0.0335795412904516"
"889","ELK1","RNPS1","0.195309675825327"
"890","ELK1","LRRC4C","0.0715971853987538"
"891","ELK1","LZIC","-0.807461329261366"
"892","ELK1","MAF1","0.0540065385586788"
"893","ELK1","MCM10","0.0445465125303614"
"894","ELK1","MDM4","-0.037706060602112"
"895","ELK1","MEA1","0.329891727090685"
"896","ELK1","MTBP","0.11723401962219"
"897","ELK1","MTIF2","-0.166539791394352"
"898","ELK1","KAT7","-0.132146853145577"
"899","ELK1","NOL7","-0.408847880097275"
"900","ELK1","NUP155","0.115697521616757"
"901","ELK1","OGG1","-0.727136483398584"
"902","ELK1","OSTF1","0.319211010746834"
"903","ELK1","PARD3","0.520668521390801"
"904","ELK1","POLA1","0.308739203784105"
"905","ELK1","PPOX","0.0849684411498702"
"906","ELK1","PRCP","-0.0847335775353432"
"907","ELK1","PRPF19","0.653920798244165"
"908","ELK1","PUF60","0.168755821882687"
"909","ELK1","RABIF","-0.0660905681831632"
"910","ELK1","RAC1","0.528202944283576"
"911","ELK1","RALA","-0.0573032574697513"
"912","ELK1","RBM22","0.334432411557541"
"913","ELK1","RBP5","0.133847046188727"
"914","ELK1","RNF150","-0.0850120976148345"
"915","ELK1","PTBP3","0.606663097564693"
"916","ELK1","DPCD","0.0339157340450292"
"917","ELK1","RPL15","-0.252070439831009"
"918","ELK1","RPL37","-0.313769088011063"
"919","ELK1","SEC24C","0.580415703912545"
"920","ELK1","SERPINI1","-0.0243025044848378"
"921","ELK1","SETDB1","0.438122851215266"
"922","ELK1","SF3B2","0.241562008267624"
"923","ELK1","SKP2","0.0724444461469881"
"924","ELK1","SLBP","-0.151451738264921"
"925","ELK1","SLC25A20","-0.61597567259296"
"926","ELK1","SNX12","-0.419454663582369"
"927","ELK1","THOC6","0.748572494824872"
"928","ELK1","TINAGL1","0.625297430427278"
"929","ELK1","TMEM68","-0.315531338046552"
"930","ELK1","TNF","-0.406732416352729"
"931","ELK1","TRIM15","0.121144948684563"
"932","ELK1","TRRAP","0.644789130834189"
"933","ELK1","UBE2I","0.076661909495271"
"934","ELK1","UBE2J2","0.483083250105556"
"935","ELK1","UBE2Q1","0.710618396619259"
"936","ELK1","UGGT1","0.027486336421598"
"937","ELK1","WDR46","0.567140119378198"
"938","ELK1","ZFP36","-0.053282750904922"
"939","ELK1","ZNF322","-0.135081557917351"
"940","ELK1","ZNF581","-0.318488928603785"
"941","ELK1","ZNF623","-0.777620301749991"
"942","ELK1","DNAJC2","-0.639327112440105"
"946","ELK4","NR2C2","-0.62577934140913"
"947","ENAH","ACTB","-0.157931902343405"
"948","ENAH","E2F2","-0.122197443774066"
"949","EP400","TRRAP","0.72667131497052"
"950","EPHX2","CYP2B6","0.852136943443982"
"951","ERCC3","GTF2H4","-0.112664401403773"
"952","ERCC3","MNAT1","-0.622815882409884"
"953","ESR1","APBB3","-0.0422237058384524"
"954","ESR1","ASPA","-0.0608651082500198"
"955","ESR1","C1orf74","-0.66496287084198"
"956","ESR1","GPSM2","-0.283399495331074"
"957","ESR1","CXCL12","0.693564056712384"
"958","ESR1","DNMT3A","-0.631913342712876"
"959","ESR1","ESR1","1"
"960","ESR1","FBLN1","-0.0308948065461488"
"961","ESR1","HSPB1","-0.659953483369554"
"962","ESR1","IFNAR1","0.595939928929951"
"963","ESR1","ITGB3BP","-0.408578157772849"
"964","ESR1","ITGB8","-0.0679177396172916"
"965","ESR1","MEP1B","0.419508301670198"
"966","ESR1","MMS19","0.446904900955018"
"967","ESR1","MNAT1","0.00686887184473131"
"968","ESR1","NCOA2","-0.159511759968732"
"969","ESR1","NDRG2","0.752333127936186"
"970","ESR1","NR3C2","0.197941077553713"
"971","ESR1","NUDT19","-0.517267805156377"
"972","ESR1","PTMA","-0.0212622761527605"
"973","ESR1","REXO4","0.179644494594377"
"974","ESR1","SLCO4C1","0.191590409321822"
"975","ESR1","SMARCA4","-0.429863009939693"
"976","ESR1","SMARCE1","-0.142877738326472"
"977","ESR1","SOCS2","0.363167622874439"
"978","ESR1","TUBA1B","-0.722406559512977"
"979","ESR1","UBE2I","-0.709427639351167"
"980","ESR1","ZMAT2","-0.309518427280641"
"982","ETS2","BRCA1","-0.435790138008832"
"983","ETS2","CD163","0.415465737679391"
"984","ETS2","CD4","0.358962422631083"
"985","ETS2","ETS2","1"
"986","ETS2","ETV4","-0.344487332915508"
"987","ETS2","POU2F1","-0.57803631871962"
"988","ETS2","SMARCA4","-0.0253013563165291"
"989","ETV4","APOH","-0.379437014081209"
"990","ETV4","BCHE","-0.257435293851998"
"991","ETV4","CETP","-0.58766845190971"
"992","ETV4","F9","-0.184088898649298"
"993","ETV4","GJB2","0.121286649532203"
"994","ETV4","LOX","0.508562624888608"
"995","ETV4","MEP1B","-0.306304174075058"
"996","ETV4","MMP12","-0.233936240513694"
"997","ETV4","MMP9","0.054311397289942"
"998","ETV4","NR3C2","-0.0389755993125813"
"999","ETV4","OAS2","-0.270827565398222"
"1000","ETV4","PCSK6","-0.404954622360159"
"1001","ETV4","PTGS2","0.0806806439997117"
"1002","ETV4","TNF","-0.473247665676611"
"1003","MECOM","POU2F1","0.144203178838767"
"1004","MECOM","SMARCA4","0.656404524851932"
"1006","EXOC2","EXOC4","-0.229406435519969"
"1007","EXOC2","RALA","-0.240240345121561"
"1008","EZH1","ZMYND11","-0.174369052311288"
"1009","EZH2","ADAMTS1","-0.157478433658783"
"1010","EZH2","AXL","-0.689232555090869"
"1011","EZH2","KPNB1","0.567286016078957"
"1012","EZH2","RPLP0","0.770943841018751"
"1013","EZH2","SUZ12","0.832761337690379"
"1014","EZH2","ZMYND11","0.309141780187722"
"1015","FANCC","FANCI","-0.529923595693372"
"1016","FANCD2","BRCA1","0.624726972805794"
"1017","FANCD2","MYC","-0.493162396647142"
"1018","FANCD2","RAD51","-0.485024318466876"
"1019","FANCF","E2F5","-0.210334140358916"
"1020","FANCF","FANCI","-0.107321999095484"
"1021","FANCG","E2F2","0.779142676499371"
"1022","FANCG","E2F4","-0.811040688517615"
"1023","FANCG","E2F5","-0.157125676173826"
"1024","FANCG","FANCI","0.841413411547133"
"1025","FCER1A","FYN","-0.270807694925071"
"1026","FDPS","FDPS","1"
"1027","UGP2","GALE","0.446645740520731"
"1028","UGP2","PGM1","0.0783124367066195"
"1029","UGP2","UGDH","-0.0719032564306438"
"1030","FOLH1","ASPA","0.342598021806352"
"1031","FOS","FOS","1"
"1032","FOSB","ADRA1B","0.416096962489725"
"1033","FOSB","ANK3","0.41059870444065"
"1034","FOSB","ANXA10","0.599753624339759"
"1035","FOSB","ANXA3","0.112558466346262"
"1036","FOSB","AQP1","-0.159029296803128"
"1037","FOSB","CSRNP1","0.477055298271488"
"1038","FOSB","BHLHE40","0.168464018215507"
"1039","FOSB","BRD8","-0.301297577660036"
"1040","FOSB","C6orf62","-0.599866780319776"
"1041","FOSB","CHST4","0.526598212084818"
"1042","FOSB","CXCL14","0.371637954837498"
"1043","FOSB","ASAP2","-0.295211562525626"
"1044","FOSB","DUS4L","-0.395836679324983"
"1045","FOSB","EFTUD2","-0.685503065840045"
"1046","FOSB","F3","0.256159121308157"
"1047","FOSB","FAF1","-0.397789871704875"
"1048","FOSB","FAM83H","-0.47742424331071"
"1049","FOSB","FTL","0.298506029698737"
"1050","FOSB","GABARAPL1","0.421326902555906"
"1051","FOSB","KCNMB2","-0.263435025832062"
"1052","FOSB","KCNN2","0.655843722443509"
"1053","FOSB","KCNN3","-0.432267418789675"
"1054","FOSB","KIF14","-0.218539036410584"
"1055","FOSB","MAP2","-0.14500372034732"
"1056","FOSB","MDC1","-0.294319852404721"
"1057","FOSB","MICAL2","0.101206741611995"
"1058","FOSB","MMP9","-0.339172695707368"
"1059","FOSB","KAT7","0.366899310822493"
"1060","FOSB","NUAK1","-0.162317613129791"
"1061","FOSB","PCDHGA4","-0.550747044397434"
"1062","FOSB","PCSK6","0.0702464410297736"
"1063","FOSB","PRSS53","0.278284805035628"
"1064","FOSB","PRKAR2A","-0.267949434712158"
"1065","FOSB","PSMG3","-0.0575177419186796"
"1066","FOSB","PTH1R","0.604562198342338"
"1067","FOSB","QSER1","0.151385808324065"
"1068","FOSB","RBBP7","-0.299101187170644"
"1069","FOSB","RPP40","0.137165552585416"
"1070","FOSB","S100A8","0.253246436301686"
"1071","FOSB","SEMA3F","-0.358825075537501"
"1072","FOSB","SERPINE1","0.598729124326508"
"1073","FOSB","SLC34A2","0.242646191931599"
"1074","FOSB","SPRR1A","-0.281919282978211"
"1075","FOSB","SRPK2","0.722211597000118"
"1076","FOSB","SRXN1","-0.638852788635166"
"1077","FOSB","STK3","-0.318726851833826"
"1078","FOSB","STOML2","-0.469551251579919"
"1079","FOSB","TAF4","-0.2220088325864"
"1080","FOSB","TCEA2","-0.0423215303358212"
"1081","FOSB","TFPI2","0.57631062951154"
"1082","FOSB","TPD52L2","0.152475230144778"
"1083","FOSB","TPPP2","0.0328661939872864"
"1084","FOSB","TSPAN1","0.106619869732679"
"1085","FOSB","ZFP36","0.595877503410062"
"1086","FOSB","ZNF532","0.0364373821686072"
"1088","FOXP1","FOXP1","1"
"1089","MTOR","EIF4EBP1","-0.40922211206037"
"1090","MTOR","IGF1","-0.276433202475408"
"1091","MTOR","PIK3CA","-0.260548023804424"
"1092","MTOR","PIK3CB","0.163856967627223"
"1093","MTOR","PIK3CD","-0.163499332115352"
"1094","MTOR","PIK3R1","-0.486256139887052"
"1095","MTOR","PIK3R2","0.542936197924766"
"1096","MTOR","PIK3R3","-0.482917321226744"
"1097","MTOR","PRKAA2","-0.13804543992792"
"1098","MTOR","PRKAB1","0.238453438461267"
"1099","MTOR","PRKAB2","-0.419309041146364"
"1100","MTOR","PRKAG1","0.0690477166418463"
"1101","MTOR","PRKCA","0.261833355573425"
"1102","MTOR","PRKCB","-0.62589220489881"
"1103","MTOR","PRKCG","0.598548198858997"
"1104","MTOR","RPS6KB1","0.35378419792551"
"1105","MTOR","RRAGC","0.508816429015355"
"1106","MTOR","RRAGD","0.295776683810412"
"1107","FRMD6","EGR3","0.493625243122847"
"1108","FRMD6","STK3","-0.160992291235534"
"1110","FTCD","AMDHD1","0.407228912713175"
"1111","FTCD","MTHFD1","0.682058299678081"
"1112","FTCD","MTHFD1L","-0.501554418607293"
"1113","FUBP1","PUF60","0.0576515930287863"
"1114","FUS","FUS","1"
"1115","FUS","PTBP1","-0.00612716643770272"
"1116","FXR1","FXR1","1"
"1117","FZD10","POU2F1","-0.0722647190252466"
"1118","FZD10","LRP5","0.566594079336495"
"1119","FZD3","POU2F1","0.371332758376703"
"1122","FZD9","MYC","-0.3775219461028"
"1123","GAB1","MET","-0.0121868989200647"
"1124","GAB1","SHC1","0.0830048098106732"
"1125","GAB1","SHC3","0.196078624568087"
"1126","GADD45A","NPM1","0.291538852064367"
"1127","GADD45A","MAP3K4","0.240548079098648"
"1128","GADD45B","FOSB","0.496540871344103"
"1129","GADD45B","MAP3K4","0.0230688377988356"
"1130","GADD45B","MYC","0.546942770457353"
"1131","GADD45B","PCNA","0.102249298672027"
"1132","GCH1","E2F4","0.587821182031821"
"1133","GCH1","E2F5","0.302370962498594"
"1134","GCH1","NFYC","-0.484911245274656"
"1135","GDF5","BMPR1A","0.189014338227857"
"1136","MAPK3","ETS2","0.40963758789853"
"1137","MAPK3","UBTF","-0.0808629271628159"
"1138","MAPK3","MYC","0.0347823879298785"
"1139","MAPK3","RPS6KB1","-0.0300638738147147"
"1140","MAPK3","SMAD2","-0.286766199804631"
"1141","MAPK3","TNF","0.238411228338649"
"1142","MAPK3","ZNF7","0.0892428134311112"
"1144","GGPS1","E2F2","0.379029893153771"
"1145","GGPS1","E2F4","-0.197008006186385"
"1146","GGPS1","E2F5","0.0861326983049244"
"1147","GLS2","GLUL","-0.234020107318668"
"1148","GLUD2","GLUL","-0.279138806428688"
"1149","GLUD2","NIT2","0.0650762134257589"
"1151","GPHN","GPHN","1"
"1152","GRB2","NPM1","-0.125110240961304"
"1153","GRB2","EPHA2","0.138322719335716"
"1154","GRB2","FGFR4","-0.0978307411260719"
"1155","GRB2","MET","-0.208601372676298"
"1156","GRB2","NGFR","-0.0757255121864373"
"1157","GRB2","PDGFRA","0.23386686418063"
"1158","GRB2","SHC3","0.558814848302756"
"1159","GRB2","SHC4","0.235028101430828"
"1160","GSK3B","CREB3L4","0.270192726140348"
"1161","GSK3B","FRAT1","0.673371087632006"
"1162","GSK3B","NFYC","0.433929646887805"
"1163","GSK3B","PARD3","-0.207255903666266"
"1164","GSTA1","NFE2L2","0.337515808169023"
"1165","GSTO1","MYC","-0.414106906370242"
"1166","GSTP1","FOSB","0.498089029724448"
"1167","GSTP1","MYC","0.152475721031952"
"1168","GTF2IRD1","EXOSC4","-0.142292412182607"
"1169","HAO1","PGP","0.0167559130850677"
"1170","HAO2","CAT","0.51110097843504"
"1171","HAO2","PGP","-0.259317560163695"
"1172","HAX1","ABCB4","-0.367018245941492"
"1173","HAX1","EIF3F","0.750083093018832"
"1174","HDAC1","KDM1A","0.453167979522662"
"1175","HDAC1","APOC3","-0.0259678960667717"
"1176","HDAC1","BRCA1","0.0184087467154303"
"1177","HDAC1","BUB1B","-0.190282151064292"
"1178","HDAC1","BUB3","0.0301415089013845"
"1179","HDAC1","CD82","-0.28824863934184"
"1180","HDAC1","CSNK2A1","-0.014722553743323"
"1181","HDAC1","DEFB1","0.0814656242465814"
"1182","HDAC1","DNMT3A","0.194773117937508"
"1183","HDAC1","ESR1","-0.472867796620559"
"1184","HDAC1","MECOM","0.512255938341141"
"1185","HDAC1","HDAC1","1"
"1186","HDAC1","POU2F1","0.16966521706803"
"1187","HDAC1","MMP9","-0.329951713018105"
"1188","HDAC1","PTMA","-0.290983330059487"
"1189","HDAC1","RFC4","-0.103731825688902"
"1190","HDAC1","RHOB","-0.308504014967725"
"1191","HDAC1","RUVBL2","-0.119300547186032"
"1192","HDAC1","SMAD2","0.0360495702477857"
"1193","HDAC1","EPCAM","-0.0515442654024195"
"1194","HDAC1","UBE2I","0.496420063780017"
"1195","HDAC2","BUB3","0.431035242250819"
"1196","HDAC2","CCL2","0.192660185754725"
"1197","HDAC2","CCNE1","0.0108846710128687"
"1198","HDAC2","CD1D","-0.0400549131036907"
"1199","HDAC2","CDC20","0.279620790042276"
"1200","HDAC2","CDYL","0.320522775076284"
"1201","HDAC2","DDX20","0.65403407312034"
"1202","HDAC2","MECOM","0.185335655743736"
"1203","HDAC2","HIF1AN","0.00374012631256496"
"1204","HDAC2","PA2G4","0.0789462702272629"
"1205","HDAC2","PTMA","0.52904300217046"
"1206","HDAC2","RFX5","0.25519443894521"
"1207","HDAC2","SETDB1","0.0569563585058955"
"1208","HDAC2","SNW1","0.49021811920668"
"1209","HDAC2","SUV39H1","0.128833860411075"
"1210","HDAC2","TOP2A","0.241636397237949"
"1211","HDAC4","HDAC4","1"
"1212","HDAC6","TARDBP","0.625879114294236"
"1213","HDGF","FAS","0.446142013998992"
"1214","HEY1","HEY1","1"
"1215","HGF","EGFR","-0.0482013527094831"
"1216","HGF","MET","-0.182250940923902"
"1217","HGS","MYC","-0.42056375783661"
"1218","HGS","SMAD2","-0.320978936937884"
"1219","HGS","TSG101","0.0738930198442187"
"1220","HK3","BAX","0.184913437161227"
"1221","HKDC1","BAX","0.390542200525235"
"1222","HLA-A","HLA-A","1"
"1223","HLTF","EEF1G","0.190884197605482"
"1224","HLTF","HERC2","-0.293078242032756"
"1225","HMGA1","IL1B","-0.225490842029444"
"1226","HMGA1","RNF4","0.311197699208573"
"1227","HMGA1","PTGS2","-0.350924729772697"
"1229","HMGB2","SET","-0.36500498549942"
"1230","HMGB2","TNF","-0.0872955175642121"
"1231","HNRNPK","HNRNPK","1"
"1232","HOMER2","MYC","0.531513002324259"
"1233","HRAS","CAMK1","0.035936263951"
"1234","HRAS","CAMK2B","-0.876130589891444"
"1235","HRAS","IGF1R","-0.195918834516136"
"1236","HRAS","MAZ","-0.00636130475403991"
"1237","HRAS","TPM3","0.326595030895395"
"1238","HRAS","MYC","-0.683566136471405"
"1239","HRAS","PDGFRA","-0.49483194289081"
"1240","HRAS","PIK3CB","0.276083240466313"
"1241","HRAS","PIK3CD","-0.328110620985047"
"1242","HRAS","PIK3R3","0.548587106207604"
"1243","HRAS","TPR","0.499841032706923"
"1244","WNT2","ATF5","0.409846188208972"
"1245","PPP2R5A","SMG5","0.0667813429740341"
"1246","MAPK10","BAX","-0.0492998171427519"
"1247","MAPK10","MECOM","0.0768104168784197"
"1248","LAMA4","BRD7","0.0433394996820633"
"1249","LAMA4","ITGA6","-0.0365329417560312"
"1250","POU2F1","ACACA","0.481881263071367"
"1251","POU2F1","ACSL1","0.136248471085403"
"1252","POU2F1","AKR1C3","0.723259135530907"
"1253","POU2F1","ALB","0.329021305379409"
"1254","POU2F1","APOF","-0.192005518420266"
"1255","POU2F1","ATG12","0.257699386482397"
"1256","POU2F1","BCO2","0.152895750805147"
"1257","POU2F1","BMX","0.155741883428136"
"1258","POU2F1","BUB1B","0.0454333394527097"
"1259","POU2F1","C1orf43","-0.0293150472791409"
"1260","POU2F1","SPATA6L","-0.0685031615330501"
"1261","POU2F1","CHCHD7","0.449914329838785"
"1262","POU2F1","CITED2","0.160397616910592"
"1263","POU2F1","CNTN4","0.120216075218034"
"1264","POU2F1","CPNE1","0.632142898553147"
"1265","POU2F1","CSNK1G1","0.582718855362083"
"1266","POU2F1","DHX35","0.268650639097735"
"1267","POU2F1","DPY30","-0.32828976716977"
"1268","POU2F1","DSE","0.293148635225988"
"1269","POU2F1","ENPP2","0.0213511489966283"
"1270","POU2F1","FAM50A","-0.172668167740392"
"1271","POU2F1","GON4L","0.514710823955921"
"1272","POU2F1","POU2F1","1"
"1273","POU2F1","HSPA14","0.627977717154241"
"1274","POU2F1","IPO9","0.18937715208933"
"1275","POU2F1","KCNMB2","0.462029029328648"
"1276","POU2F1","KIF4A","0.246443313815844"
"1277","POU2F1","LEAP2","-0.104484156860736"
"1278","POU2F1","LEMD2","-0.19764001466215"
"1279","POU2F1","LRP4","-0.405617058664953"
"1280","POU2F1","MAP2","-0.0347530422865099"
"1281","POU2F1","MNAT1","0.51601569112585"
"1282","POU2F1","MTBP","0.020040260691155"
"1283","POU2F1","N4BP2L1","-0.384071295104147"
"1284","POU2F1","ONECUT2","0.456177076965188"
"1285","POU2F1","PHF6","-0.0114035815795406"
"1286","POU2F1","PLXNC1","-0.337391259043618"
"1287","POU2F1","PODXL","0.246755733954829"
"1288","POU2F1","POLR3F","0.285328813228585"
"1289","POU2F1","POP5","0.519661235680343"
"1290","POU2F1","SHB","-0.264405238610396"
"1291","POU2F1","SLC7A6","-0.0808291935725266"
"1292","POU2F1","TFPI2","-0.469344986690888"
"1293","POU2F1","CNPY2","0.247233585507708"
"1295","PTEN","CSNK2A1","0.221695121248785"
"1296","PTEN","EZH2","-0.773600380129438"
"1297","UBTF","UBTF","1"
"1298","SMAD4","SMAD4","1"
"1299","HSF2","ATOH8","-0.602861144705078"
"1300","HSF2","BHLHE40","-0.763734023909977"
"1301","HSF2","BMPR1B","0.296583666403092"
"1302","HSF2","SMG8","-0.309154828791245"
"1303","HSF2","CCT3","0.102121265352921"
"1304","HSF2","CCT4","0.355465545816917"
"1305","HSF2","HNRNPA1","0.472732562610725"
"1306","HSF2","HSPA4","-0.172406333698893"
"1307","HSF2","KIN","-0.103848328367193"
"1308","HSF2","KNTC1","0.537064173301448"
"1309","HSF2","KRTAP13-1","-0.171177088306156"
"1310","HSF2","MDC1","0.669583006843501"
"1311","HSF2","NCAPD2","0.394965128187064"
"1312","HSF2","NCAPG","0.711838399964676"
"1313","HSF2","NOSIP","-0.23107528972719"
"1314","HSF2","NR2C2","0.326625443892097"
"1315","HSF2","NUTF2","-0.590927537430284"
"1316","HSF2","PTGES3","0.259939681780395"
"1317","HSF2","ST3GAL6","-0.620931917831904"
"1318","HSF2","SUCLG2","-0.0751405389823253"
"1319","HSF2","TRMT12","-0.598808420098894"
"1320","HSF2","UBE2I","0.423311813323183"
"1321","HSF2","SNRNP40","0.478140088948786"
"1322","HSF2","YEATS2","-0.0740052681079726"
"1323","HSF2","ZMAT2","0.317350457197578"
"1326","HSP90AA1","HSF2","0.541751211232098"
"1327","HSP90AA1","NR3C2","0.0123970497852613"
"1328","HSP90AB1","NR2C2","-0.460243808393798"
"1329","HTATSF1","HTATSF1","1"
"1330","ID2","ID2","1"
"1331","IGF1","BRCA1","-0.141964382316997"
"1332","IGF1","DCN","0.44790631660103"
"1333","IGF1","EGFR","-0.0783924211108522"
"1334","IGF1","MAPK3","0.255008748261253"
"1335","IGF1","GSK3B","-0.708070832727086"
"1336","IGF1","IGF1R","-0.284221054256935"
"1337","IGF1","IGFBP3","0.434288902567933"
"1338","IGF1R","E2F2","0.405675740459436"
"1339","IGF1R","E2F5","-0.175504605183715"
"1340","IGF1R","MYC","0.684956213653045"
"1341","IGF1R","PLCB1","-0.461379989150804"
"1342","IGF1R","PLCG1","-0.462115736479662"
"1343","IGF1R","PTK2","-0.412152019002025"
"1344","IGF2","EGR3","-0.137731924092581"
"1345","IGF2","GPC3","-0.343109670233791"
"1346","IGF2","PLAG1","0.0249284329930179"
"1347","IGF2","SUZ12","-0.224062762455813"
"1349","IGFBP3","DNMT3A","-0.726381449513344"
"1350","IL1RAP","MYD88","0.757332268547239"
"1351","ILF2","EEF1G","0.428122355483876"
"1352","ILF2","ILF3","-0.0592270325466781"
"1353","ILF3","BIRC5","0.413063241966512"
"1354","ILF3","DHX9","0.00912673340768729"
"1355","ILF3","NDRG1","0.111295962396298"
"1356","ILF3","XPO5","0.335701847261613"
"1357","IMPDH2","TPMT","-0.349171040340723"
"1358","IRF3","IRF3","1"
"1359","JDP2","SNW1","0.304039012073074"
"1360","KDM3B","ACTL6B","-0.415033690886501"
"1361","JUNB","JUNB","1"
"1362","KHDRBS1","KHDRBS1","1"
"1363","RALGAPB","RALA","0.263363376340605"
"1364","KNTC1","ZWILCH","-0.150122183532271"
"1365","KRAS","NR3C2","0.144557324807469"
"1366","LAMA2","ITGA6","-0.245230138386762"
"1367","LAMB4","ITGA6","3.26150004548206e-05"
"1368","LEF1","ESR1","-0.446891037628629"
"1369","LEF1","HERC2","0.0701097162521564"
"1370","LEF1","POU2F1","0.441446327240694"
"1371","LEF1","KPNA2","0.149232310406015"
"1372","LEF1","LEF1","1"
"1373","LEF1","SMAD2","-0.490513627807031"
"1374","LEF1","ALYREF","0.428441395744151"
"1376","LIPG","MGLL","-0.0548437973360509"
"1377","MTR","CTH","-0.401338007890867"
"1378","MTR","MYC","-0.422068813029584"
"1379","PURA","CDK5","-0.0507388013593792"
"1380","PURA","FAS","-0.283574573408586"
"1381","MAZ","CD4","0.0921580188810745"
"1382","MAZ","MMP9","0.896939164872827"
"1383","MAZ","TSG101","0.050031956041169"
"1384","RNPS1","SART3","0.238345129971988"
"1385","RNPS1","UBQLN4","0.183017076478818"
"1386","WNT3","FZD10","-0.338779023459459"
"1387","WNT3","MYC","0.17928660877591"
"1388","NAMPT","CLOCK","0.324251413100891"
"1389","NAMPT","NNMT","-0.529324548957059"
"1390","YBX1","YBX1","1"
"1391","WNT7B","FZD10","-0.0299297045165896"
"1392","WNT7B","ZIC2","0.400293328205449"
"1393","RUVBL1","ACTL6A","-0.216157628807332"
"1394","RUVBL1","DKC1","0.285590154344279"
"1395","RUVBL1","PLG","0.295667131787441"
"1396","RUVBL1","RUVBL2","-0.439336613565195"
"1397","RUVBL1","TERT","-0.342316860260073"
"1398","SHC2","EGFR","-0.0523998541634295"
"1399","SHC2","EPHA2","-0.378330033009765"
"1400","SHC2","FGFR4","0.513948308273943"
"1401","SHC2","FYN","-0.659309198542724"
"1402","SHC2","IGF1R","0.0219861780969258"
"1403","SHC2","MET","0.0231812058982774"
"1404","SHC2","NGFR","0.438751389192832"
"1405","SHC2","PDGFRA","-0.563749504280204"
"1406","TRIM16","SETDB1","-0.395683667796683"
"1407","UGT2B15","ADH1A","-0.127654984757055"
"1408","UGT2B15","ESR1","0.0710867601437398"
"1409","UGT2B15","UGDH","-0.560308551711338"
"1410","PDPK1","EGR3","-0.714888115320807"
"1411","PDPK1","RPS6KB1","0.159020569708793"
"1412","DTYMK","TK1","0.617287502296361"
"1413","GMPS","TPMT","-0.39841450089269"
"1414","LPCAT1","PLAAT3","-0.148954639747696"
"1415","LPCAT1","MYC","-0.337255249279257"
"1416","LRP5","DVL1","0.461794719744089"
"1417","LRP5","EGR3","-0.297840658516042"
"1418","LRP6","ATF5","-0.0332096592267584"
"1419","LRP6","DVL1","0.267297354345928"
"1420","LTA4H","CYP4F3","-0.231302060720766"
"1421","MAML1","MAML1","1"
"1422","MAP2K1","ATF5","-0.0779173852136793"
"1423","MAP2K1","EGFR","0.0948412803470558"
"1424","MAP2K1","HRAS","-0.89927174523132"
"1425","MAP2K1","IGF1R","0.215613550515779"
"1426","MAP2K1","MYC","0.645669546922778"
"1427","MAP2K1","NRAS","-0.0590332510045706"
"1428","MAP2K1","PPP2CB","-0.14179171205017"
"1429","MAP2K1","PPP2R1A","-0.665129733226677"
"1431","MAP2K2","MAPK1","0.294296175361932"
"1433","MAP4K4","POU2F1","-0.235776938014378"
"1434","MAP4K4","MAP3K1","-0.198572141258886"
"1435","MAPK1","IL17RC","0.4622818005802"
"1436","MAPK1","DUSP9","-0.463817850768244"
"1437","MAPK1","PRKCD","-0.194914192711716"
"1438","MAPK1","RPS6KB1","0.068905177969867"
"1439","MAPK1","SDC1","0.247557216435051"
"1440","MAPK1","TNF","-0.108654540178285"
"1441","MAPK1","ZFP36","-0.0854829225759448"
"1442","MAPKAPK5","HSPB1","0.846695192811356"
"1443","MCM2","CPSF1","-0.220438253670675"
"1444","MCM2","MCM2","1"
"1445","MCM2","MCM7","0.894364153436809"
"1446","MCM2","KAT7","0.0819092894490641"
"1447","MCM2","RPS4X","0.279440709833847"
"1448","MCM2","SNF8","0.027260939364236"
"1449","MCM3","MCM10","0.395655387053672"
"1450","MCM3","MCM3AP","0.144824323368358"
"1451","MCM3","SUPT16H","0.2353612090917"
"1452","MCM4","MCM4","1"
"1453","MCM6","MCM6","1"
"1454","MCM7","MCM10","0.49658511419117"
"1455","MCM7","MCM7","1"
"1456","MCM7","MNAT1","-0.334612167413404"
"1457","MCM7","SMC1A","0.306878053611276"
"1458","MED12","MED12","1"
"1459","MET","PLCG1","0.411897824677494"
"1460","MET","PTK2","0.336712737135435"
"1461","MGST1","MYC","0.181376522887741"
"1462","MLLT6","UBQLN4","0.769656900516903"
"1463","MOGAT2","MGLL","0.433068104766412"
"1464","MRC1","IL10","-0.280520325920079"
"1465","MRC2","IL10","-0.505862367599285"
"1466","RBSN","RAB4A","0.214801955720268"
"1467","RBSN","VPS45","0.433377583533031"
"1468","MTHFD1L","MYC","0.095115187856037"
"1469","MTMR7","PIP4P2","0.021182826927328"
"1470","MMUT","SUCLG2","0.623749853744356"
"1471","MYC","ABL2","-0.24873245463161"
"1472","MYC","ACACA","-0.447989351318971"
"1473","MYC","ACTL6A","0.11647505697978"
"1474","MYC","ADNP","-0.215545772597434"
"1475","MYC","AGL","0.0849559102750202"
"1476","MYC","AGPAT2","0.44689861458791"
"1477","MYC","AIG1","-0.408373301552031"
"1478","MYC","AMBP","0.389341300144759"
"1479","MYC","ANP32E","0.28000117903395"
"1480","MYC","APOA5","0.47356205348986"
"1481","MYC","ARID1A","0.139408655119937"
"1482","MYC","ARIH2","-0.378618921763606"
"1483","MYC","ARMC1","-0.319184566365153"
"1484","MYC","BARD1","-0.311618794852685"
"1485","MYC","BAZ1B","0.358044059429477"
"1486","MYC","BHLHE40","0.317788576371959"
"1487","MYC","BRCA1","-0.133033160947015"
"1488","MYC","BRI3BP","0.199653640457919"
"1489","MYC","C11orf54","-0.0124167805526255"
"1490","MYC","MIEN1","-0.445819148829105"
"1491","MYC","C1orf131","0.379304421112266"
"1492","MYC","C1orf216","-0.17095107743955"
"1493","MYC","RRM2","0.0553946911291664"
"1494","MYC","C6orf62","-0.681763742097058"
"1495","MYC","GGCT","0.190052365948761"
"1496","MYC","CCDC34","-0.182882034180493"
"1497","MYC","CCNE2","0.311253201616341"
"1498","MYC","CCT3","-0.38034567498494"
"1499","MYC","CCT5","-0.1233628002676"
"1500","MYC","CDK5","0.260637497874348"
"1501","MYC","CDK6","0.58446635852164"
"1502","MYC","CENPN","-0.0483561421205957"
"1503","MYC","AGAP3","0.219687835818256"
"1504","MYC","CEP63","0.106949915020061"
"1505","MYC","CHCHD7","-0.297867703106411"
"1506","MYC","CHML","-0.114217702998666"
"1507","MYC","CIDEB","0.439212107884332"
"1508","MYC","NPM1","-0.297362498695583"
"1509","MYC","CNTLN","-0.588644345707377"
"1510","MYC","COL4A1","-0.361008556229111"
"1511","MYC","COLEC11","0.132459058762016"
"1512","MYC","COPS7A","0.310774020888722"
"1513","MYC","CPSF1","0.338197700057675"
"1514","MYC","CREB3L4","-0.17973639634955"
"1515","MYC","IL17RC","0.0302964455306322"
"1516","MYC","CSNK1D","-0.094249005955795"
"1517","MYC","CSNK1G1","-0.529221775334584"
"1518","MYC","CSNK2A1","0.0807592640868295"
"1519","MYC","CUTA","-0.47734366352886"
"1520","MYC","CUX2","-0.308666869623877"
"1521","MYC","DAP3","-0.019542910870937"
"1522","MYC","DCK","0.162226572164035"
"1523","MYC","DDX39A","-0.329163501160754"
"1524","MYC","DEPDC1B","-0.429681275139103"
"1525","MYC","DFFA","0.0494768167747668"
"1526","MYC","DHODH","0.462483390039569"
"1527","MYC","DHX35","-0.402168130364108"
"1528","MYC","DIMT1","-0.414494848434545"
"1529","MYC","DLEU2","-0.132126098619095"
"1530","MYC","DNA2","-0.00993971540200523"
"1531","MYC","DNAJC14","-0.390852297273792"
"1532","MYC","DNAJC5","-0.0479814939900469"
"1533","MYC","DNMT3A","-0.536777135607046"
"1534","MYC","DPM2","0.170679226013932"
"1535","MYC","DUS4L","-0.202790224912718"
"1536","MYC","EEF1D","0.455172027805024"
"1537","MYC","EFTUD2","-0.239451485687009"
"1538","MYC","EIF2S3","-0.234671918860914"
"1539","MYC","EIF3B","0.174496935113855"
"1540","MYC","EP400","-0.608662962719078"
"1541","MYC","EPHA3","0.0226355300610764"
"1542","MYC","ERMP1","-0.544964587015223"
"1543","MYC","ESR1","0.19081046441595"
"1544","MYC","ETFDH","0.627569987000145"
"1545","MYC","ETS2","0.783099789728907"
"1546","MYC","ETV4","0.0672564183814687"
"1547","MYC","EXOC3L1","0.395737054037501"
"1548","MYC","EXOSC1","0.13298354759204"
"1549","MYC","EXOSC10","-0.239104870379487"
"1550","MYC","FLAD1","-0.238643993549981"
"1551","MYC","FOXK1","-0.580384590123381"
"1552","MYC","FOXM1","-0.221733283223036"
"1553","MYC","FUS","-0.127042483571549"
"1554","MYC","GEMIN5","0.168754001661926"
"1555","MYC","GGT5","0.529538955437443"
"1556","MYC","GNPAT","0.349512550673499"
"1557","MYC","GNS","-0.639378972291098"
"1558","MYC","GPAA1","-0.156091820471437"
"1559","MYC","GTF3C2","-0.590169116625984"
"1560","MYC","HAX1","0.0428244823680994"
"1561","MYC","HEATR1","0.405626504957726"
"1562","MYC","UBE2K","0.551358943131032"
"1563","MYC","HLA-B","0.507933572740206"
"1564","MYC","HMOX1","0.29135460188171"
"1565","MYC","HNRNPA1","0.481409337045086"
"1566","MYC","POU2F1","-0.21825494951942"
"1567","MYC","PTEN","0.262477872692751"
"1568","MYC","TRIM71","0.0900642693439578"
"1569","MYC","TRAPPC2L","-0.0495869901958899"
"1570","MYC","NUDCD3","0.287738578895442"
"1571","MYC","VPS33A","0.550592290802956"
"1572","MYC","HSPA4","-0.0142894266643943"
"1573","MYC","HYAL1","0.0835974269426848"
"1574","MYC","IER2","0.311775388405267"
"1575","MYC","IFT81","-0.578975063433927"
"1576","MYC","IGF2BP3","-0.389483587441456"
"1577","MYC","ITGB1BP1","-0.170858721153974"
"1578","MYC","KCNJ16","0.0643252638970861"
"1579","MYC","KHDRBS1","-0.257859106889564"
"1580","MYC","KIFC1","-0.201445170097297"
"1581","MYC","KPNA3","-0.340338116312189"
"1582","MYC","KPNB1","-0.43532226709947"
"1583","MYC","KPTN","-0.341210514408998"
"1584","MYC","SPNS1","0.0607550029807181"
"1585","MYC","LEF1","-0.305855648312932"
"1586","MYC","LEMD2","-0.73742756008014"
"1587","MYC","LIG3","-0.180612771090505"
"1588","MYC","METTL23","0.193020506606493"
"1589","MYC","PGP","0.445407733159104"
"1590","MYC","RNF4","-0.275416136796654"
"1591","MYC","ZFP62","-0.262312530319726"
"1592","MYC","RPS5","-0.118685427805713"
"1593","MYC","AIDA","0.141007324252564"
"1594","MYC","WDR5","-0.705239138621393"
"1595","MYC","XPOT","-0.21928897338981"
"1596","MYC","BOP1","0.312600062412714"
"1597","MYC","PCID2","0.268425150528599"
"1598","MYC","RPS23","-0.326769631661005"
"1599","MYC","LRG1","0.488855902307589"
"1600","MYC","LRRC58","0.267583439340749"
"1601","MYC","LSM4","-0.434808772343868"
"1602","MYC","LY6E","0.744148215222339"
"1603","MYC","MAP7","0.0885450380842309"
"1604","MYC","MAPRE1","-0.311190878052884"
"1605","MYC","MATR3","-0.0250339383078068"
"1606","MYC","MCM3AP","-0.264829267543107"
"1607","MYC","MCM7","0.190572421104433"
"1608","MYC","MEPCE","-0.20003450951259"
"1609","MYC","METTL1","-0.0167603798794996"
"1610","MYC","MFSD5","-0.279812707764382"
"1611","MYC","MLLT6","-0.37746607503362"
"1612","MYC","MORC2","-0.353684387298266"
"1613","MYC","MRPL23","0.455478971356042"
"1614","MYC","MSH2","-0.372311952896833"
"1615","MYC","MT1H","0.310576042874963"
"1616","MYC","MVK","0.587353346487596"
"1617","MYC","MYC","1"
"1618","MYC","NACA","-0.277242777721943"
"1619","MYC","NCBP2","0.208080077816242"
"1620","MYC","NDRG1","-0.316015437767941"
"1621","MYC","SLC9B2","0.431339492253026"
"1622","MYC","NME1","0.241595657525192"
"1623","MYC","NNT","-0.0149430791476431"
"1624","MYC","NOL11","-0.575490681999111"
"1625","MYC","NOL7","-0.00568133986977577"
"1626","MYC","NIPAL3","-0.397393580606345"
"1627","MYC","NR2C2AP","-0.603488088170894"
"1628","MYC","NSUN5","-0.349200108913305"
"1629","MYC","NUP37","-0.387477982679132"
"1630","MYC","OAF","0.245119849349641"
"1631","MYC","OLA1","-0.288036525879609"
"1632","MYC","PBK","-0.375262384874331"
"1633","MYC","PCOLCE2","0.0320447897151318"
"1634","MYC","PCSK6","0.401285445476988"
"1635","MYC","PDIA5","0.456037082795663"
"1636","MYC","PEX11G","0.577726214797371"
"1637","MYC","PFDN2","-0.362991371356797"
"1638","MYC","PHF10","-0.0789941394821251"
"1639","MYC","PHF20","0.54143892413516"
"1640","MYC","PIAS1","0.0605791290190618"
"1641","MYC","PLOD3","-0.298021442998943"
"1642","MYC","PLSCR4","-0.0297240335765592"
"1643","MYC","PRDM10","0.343290451147309"
"1644","MYC","PRDM15","0.0531732512430542"
"1645","MYC","PRODH2","0.209873666440805"
"1646","MYC","CENPV","0.26488162017748"
"1647","MYC","PSMA1","0.0548502243271618"
"1648","MYC","PSMD14","-0.213459402499241"
"1649","MYC","PSMG3","-0.0796352158328218"
"1650","MYC","PTBP1","-0.187744138594684"
"1651","MYC","PTH1R","0.398255876177671"
"1652","MYC","PTMA","-0.119503540682871"
"1653","MYC","PTTG1","-0.301870641542937"
"1654","MYC","PUS1","-0.16209757635031"
"1655","MYC","PUS7","0.202604409214378"
"1656","MYC","RAB4A","0.0492545757253222"
"1657","MYC","RAD1","-0.027341203565985"
"1658","MYC","RAD51","-0.188808080454094"
"1659","MYC","RCL1","0.329576063901505"
"1660","MYC","RFC4","-0.130999507017045"
"1661","MYC","RFX5","0.245504195189812"
"1662","MYC","RHOBTB1","0.0165734024758067"
"1663","MYC","RHOD","0.214181013169537"
"1664","MYC","RIC8A","-0.292844705800999"
"1665","MYC","RMI1","-0.0864740175596247"
"1666","MYC","RNF187","0.135085566406658"
"1667","MYC","ROBO1","0.0771747636149967"
"1668","MYC","PTBP3","-0.119865596516062"
"1669","MYC","RPL15","0.434612266860212"
"1670","MYC","RPL37","0.0974323420033161"
"1671","MYC","RPL8","0.402713813161755"
"1672","MYC","RPS9","0.668109065946648"
"1673","MYC","S100P","-0.0397502931526493"
"1674","MYC","SART3","0.324821263174522"
"1675","MYC","SCAMP1","-0.226453076716567"
"1676","MYC","SCAMP3","0.215167583326957"
"1677","MYC","SEMA3F","-0.361931290781184"
"1678","MYC","SFRP1","0.473568905234248"
"1679","MYC","SLBP","0.251495143475218"
"1680","MYC","SLC25A39","-0.446654653300424"
"1681","MYC","SLC26A2","-0.0677171931847722"
"1682","MYC","SLC27A5","-0.00413899152907765"
"1683","MYC","SLC38A6","-0.517447416803952"
"1684","MYC","SLC41A3","-0.319148701500974"
"1685","MYC","SLC7A2","-0.444837215152359"
"1686","MYC","SMAD2","0.110928629849012"
"1687","MYC","SMARCA4","-0.0924974210088953"
"1688","MYC","SMARCD1","-0.384483724156793"
"1689","MYC","SMC1A","-0.214563229066637"
"1690","MYC","SNRPB","0.120883802307645"
"1691","MYC","SUN5","-0.128253760076327"
"1692","MYC","SPAG5","-0.494506044176897"
"1693","MYC","SRPK1","0.427080936393566"
"1694","MYC","ST3GAL3","0.328333416626386"
"1695","MYC","STIP1","-0.103929647569797"
"1696","MYC","STK25","-0.486347545816151"
"1697","MYC","STK35","0.0822857533321299"
"1698","MYC","STT3B","0.523012598884248"
"1699","MYC","SUCLG2","-0.150700199000937"
"1700","MYC","TBCC","-0.197556230251941"
"1701","MYC","TERT","-0.426204015193078"
"1702","MYC","ALYREF","0.280968568180158"
"1703","MYC","TIMELESS","-0.216936761682953"
"1704","MYC","TIMM13","0.0544654779861577"
"1705","MYC","TIMM9","0.0227205554154109"
"1706","MYC","TLCD1","-0.0635432778869778"
"1707","MYC","TMEM69","0.36502043886845"
"1708","MYC","TMPO","-0.270333807617698"
"1709","MYC","TPR","-0.455995453894944"
"1710","MYC","TRIM24","-0.280485249362744"
"1711","MYC","TRIP13","-0.126008583795397"
"1712","MYC","TSEN2","-0.0381721338875643"
"1713","MYC","TTC27","-0.349409326145201"
"1714","MYC","TUBG1","-0.42735030832092"
"1715","MYC","TXNL4A","-0.138241124854097"
"1716","MYC","UBE2C","-0.24034197242641"
"1717","MYC","UBE2Q1","-0.219252103828036"
"1718","MYC","UBR5","-0.377455492177561"
"1719","MYC","UCHL1","0.225566729542248"
"1720","MYC","UNG","0.152758438509842"
"1721","MYC","USP14","0.158901650601959"
"1722","MYC","USP39","-0.473745650384341"
"1723","MYC","DCAF11","0.380684513417189"
"1724","MYC","DCAF12","-0.488476950106889"
"1725","MYC","SNRNP40","0.576552160996751"
"1726","MYC","DCAF7","-0.590338544726444"
"1727","MYC","WRNIP1","0.0952033443243838"
"1728","MYC","XPO5","-0.288435190020584"
"1729","MYC","YY1AP1","-0.506352672629187"
"1730","MYC","ZFP36","0.293041259200728"
"1731","MYC","ZNF740","0.0627189455575993"
"1742","MYD88","IRAK1","-0.745478897314775"
"1743","MYD88","TLR4","0.743186878998256"
"1744","MYD88","TNF","0.13595726954723"
"1745","MYD88","ZIC2","-0.206892822951093"
"1746","MYO10","EGR3","0.176332093205506"
"1748","MYO1B","POU2F1","0.777888908136178"
"1749","KAT7","CEP70","-0.6657336959949"
"1750","KAT7","RPS10","0.225837385530011"
"1751","KAT7","SNAPIN","-0.152389636995428"
"1752","NAT2","CYP2A6","-0.419654318267401"
"1753","NAT2","CYP2A7","-0.258957726338028"
"1754","NCOA6","NCOA6","1"
"1755","NEDD4L","FOSB","-0.208692665435177"
"1756","NFYA","NFYA","1"
"1757","NFYC","ANK3","-0.377631148695718"
"1758","NFYC","AURKA","0.427935657518208"
"1759","NFYC","ZC2HC1C","-0.659430543299413"
"1760","NFYC","RMI2","0.48572191927311"
"1761","NFYC","RRM2","0.0608291742259255"
"1762","NFYC","CAND1","0.532696227344712"
"1763","NFYC","CASP2","0.154637532897699"
"1764","NFYC","CCDC149","0.0893431096993493"
"1765","NFYC","CDCA3","0.702031613737753"
"1766","NFYC","CENPF","0.770523518501342"
"1767","NFYC","CHP1","-0.0257835396904835"
"1768","NFYC","COPZ1","0.115147493245867"
"1769","NFYC","DEPDC1B","0.570701779112298"
"1770","NFYC","ENOPH1","0.173035481183358"
"1771","NFYC","FAS","-0.446152023766686"
"1772","NFYC","FLAD1","0.54646428547719"
"1773","NFYC","GGH","-0.23652688830376"
"1774","NFYC","GOLPH3L","0.726127496972163"
"1775","NFYC","HBB","0.20962846622803"
"1776","NFYC","HERC2","-0.243161082598664"
"1777","NFYC","KPNB1","0.475565406664287"
"1778","NFYC","MSH6","-0.16382281757196"
"1779","NFYC","UBE2S","0.436396967625851"
"1780","NFYC","LRRC4C","-0.474661704338324"
"1781","NFYC","MRPL49","0.283734990679176"
"1782","NFYC","MUC6","0.197076193034301"
"1783","NFYC","NIF3L1","0.657305649567542"
"1784","NFYC","NUP37","0.393616776591069"
"1785","NFYC","OGG1","0.0684055455827004"
"1786","NFYC","PA2G4","0.290390988086001"
"1787","NFYC","PHF6","-0.0516656281590477"
"1788","NFYC","PRCP","-0.396782534177669"
"1789","NFYC","PRDM10","-0.297443304316676"
"1790","NFYC","PSMD4","0.167713928701573"
"1791","NFYC","PEAK1","0.262925091587602"
"1792","NFYC","SLBP","0.237534238412351"
"1793","NFYC","SLC7A8","-0.521528517303937"
"1794","NFYC","STARD7","0.393495579004589"
"1795","NFYC","SYT13","0.261235874589251"
"1796","NFYC","TTK","0.64837098810461"
"1797","NFYC","USP21","0.58077156527696"
"1798","NFYC","DCAF11","-0.00150522928944049"
"1800","NGFR","PLCB1","-0.658420083319947"
"1801","NONO","NONO","1"
"1802","PNP","NMRK1","0.79977822076453"
"1803","PNP","MYC","0.626183126632551"
"1804","PNP","NNMT","0.429619085771671"
"1805","PNP","XDH","0.646057088297871"
"1806","PNP","ZHX1","0.20073084674257"
"1807","NR1H4","ABCB4","0.115821464210409"
"1808","NR1H4","SLCO1B3","0.212078926124271"
"1809","NR1I2","CCL2","0.197615579369956"
"1810","NR1I2","CYP4F12","0.394314680883862"
"1811","NR1I2","HP","0.230852404984799"
"1812","NR1I2","NR1I2","1"
"1813","NR1I2","THRSP","0.232605744364021"
"1814","NR2C2","NR2C2AP","0.174455403725475"
"1815","NR3C2","FXYD2","-0.479619444259954"
"1816","NR3C2","HSPA4","-0.426139122469989"
"1817","NR3C2","PIAS1","-0.32675938259349"
"1818","NR3C2","PTGES3","-0.31950291176025"
"1819","NR3C2","TRIM24","0.324279826439015"
"1820","NRAS","PDPK1","0.139724504538946"
"1821","NRAS","MYC","-0.317676238956096"
"1822","NRF1","IDE","0.0544234853805186"
"1823","NRF1","NQO1","0.517810455575704"
"1824","ORC1","KAT7","-0.206614665353476"
"1825","PAPOLA","CPSF3","0.734178202643947"
"1826","PAPOLA","SNRPA","-0.14721328134916"
"1827","PAPSS2","PAPSS2","1"
"1828","PBRM1","PBRM1","1"
"1829","PBXIP1","TSNAX","-0.220354486881031"
"1830","PBXIP1","UBQLN4","0.521359437489194"
"1831","PCCA","MYC","-0.402098553164381"
"1832","PCNA","BAZ1B","0.0458181035553367"
"1833","PCNA","BRCA1","-0.219406401196904"
"1834","PCNA","E2F4","0.544250634120575"
"1835","PCNA","E2F5","0.457477925294312"
"1836","PCNA","HDAC1","-0.199763205453916"
"1837","PCNA","MYC","0.168618322878525"
"1838","PCNA","PTMA","0.326590572841501"
"1839","PCNA","RFC1","-0.0187998031946485"
"1840","PCYT1A","ATF5","0.436622484276881"
"1841","PCYT1A","CHKA","0.182533149576821"
"1842","PCYT1A","MAPK3","-0.368870065607973"
"1843","PCYT1A","MAPK10","0.451750798254919"
"1844","PCYT1A","MAPK1","-0.188513893551179"
"1845","PCYT1A","ZNF143","-0.0157636936917006"
"1846","PDE7A","ETS2","-0.0771377188989346"
"1847","PDE7A","MYC","-0.322569974513702"
"1848","PDE7B","ADSL","-0.0873016739822146"
"1849","PDGFD","EGFR","0.17520133256095"
"1850","PDGFD","PDGFRA","-0.107587623908425"
"1851","PDGFRA","PLCB1","-0.258424003741676"
"1852","PDGFRA","PLCG1","-0.0939555758210814"
"1853","PDGFRA","PTK2","-0.65675517660269"
"1854","PECAM1","PECAM1","1"
"1855","PEMT","PEMT","1"
"1856","PHF10","SETDB1","-0.642606524618498"
"1857","PHF10","UTP14A","0.230481888705253"
"1858","PIAS1","PIAS1","1"
"1859","PIK3CA","CHKA","-0.52182143774063"
"1860","PIK3CA","FYN","0.00384647735828478"
"1861","PIK3CA","GNB1","-0.272133826875614"
"1862","PIK3CA","HOMER1","0.418622919620416"
"1863","PIK3CA","HOMER2","-0.0218198216171837"
"1864","PIK3CA","TRAF5","-0.120020687299512"
"1865","PIK3CA","PDPK1","0.293434239385165"
"1866","PIK3CA","PRKCD","-0.108692304310095"
"1867","PIK3CB","CHKA","-0.257976270820091"
"1868","PIK3CB","PDPK1","0.0192769502728201"
"1869","PIK3CB","PLCG1","0.191348326499926"
"1870","PIK3CB","PTK2","0.552894869057008"
"1871","PIK3CB","RAC1","-0.0532637110685373"
"1872","PIK3CD","CHKA","0.398299608752883"
"1873","PIK3CD","PDPK1","-0.108610080946928"
"1874","PIK3CD","PLCG1","-0.248929555601409"
"1875","PIK3CD","PTK2","-0.545469360848895"
"1876","PIK3CD","RAC1","0.515338463267823"
"1877","PIK3R1","CHKA","0.162261726802429"
"1878","PIK3R1","ESR1","0.602740010764484"
"1879","PIK3R1","KHDRBS1","-0.249254706075234"
"1880","PIK3R1","NFYC","-0.012859568069958"
"1881","PIK3R1","PLCG1","-0.634416173504903"
"1882","PIK3R1","PTK2","-0.308259070883044"
"1883","PIK3R1","RAC1","-0.0494350852705008"
"1884","PIK3R1","RB1","-0.199212456970723"
"1885","PIK3R1","WBP11","0.00151787927569398"
"1886","PIK3R2","CHKA","-0.0235532175909219"
"1887","PIK3R2","PDPK1","-0.17446333928796"
"1888","PIK3R2","PRKCD","0.610331143661406"
"1889","PIK3R2","PTK2","0.427330771149842"
"1890","PIK3R2","RAC1","0.252334169703161"
"1891","PIK3R3","CHKA","-0.186528086602787"
"1892","PIK3R3","ESR1","-0.223159168047989"
"1893","PIK3R3","PDPK1","-0.389850389147705"
"1894","PIK3R3","PLCG1","0.419227107225971"
"1895","PIK3R3","PTK2","0.0380503906091653"
"1896","PIK3R3","RAC1","-0.105988803980341"
"1897","PIP4K2B","ATF5","-0.0904629558262072"
"1898","PIP4K2B","E2F4","0.073707934444068"
"1899","PIP4K2B","E2F5","-0.407540705685103"
"1900","PIP4K2B","PTEN","0.248292732702888"
"1901","PIP4K2B","MYC","0.021665969037701"
"1902","PKN1","MEFV","0.470348622176881"
"1903","PLAG1","KPNA2","0.229037008768007"
"1904","PLCB1","AVPR1A","0.117181882502909"
"1905","PLCB1","FPR1","0.132398617146995"
"1906","PLCB1","GNB1","0.310482977350623"
"1907","PLCG1","E2F4","-0.276707478167714"
"1908","PLCG1","ESR1","-0.400816779438779"
"1909","PLCG1","KHDRBS1","0.194661303677501"
"1910","PLCG1","PRKCD","0.423205432082734"
"1911","PLCG2","NPM1","-0.0762348471477372"
"1912","PLCG2","KHDRBS1","0.494150057647195"
"1913","PLCG2","PRKCD","0.0915024950950025"
"1914","PLK1","NPM1","0.0737845232450927"
"1915","POLR2G","POLR2G","1"
"1916","POLR2H","POLR2H","1"
"1917","PPP1CC","TRPM8","0.451238122195032"
"1918","PPP1CC","WBP11","0.0559081437897367"
"1919","PPP2CB","EGR3","-0.115333239914759"
"1920","PPP2CB","IRAK1","-0.152872800648045"
"1921","PPP2CB","RPS6KB1","-0.356325693617775"
"1922","PPP2CB","SMG5","0.172379318307979"
"1923","PPP2CB","STK3","-0.390771914306475"
"1924","PPP2R1A","POU2F1","0.246948427475065"
"1925","PPP2R1A","HSF2","0.0991159327141942"
"1926","PPP2R1A","IRAK1","0.190994076009634"
"1927","PPP2R1A","MCM3","0.2025171830755"
"1928","PPP2R1A","RPS6KB1","0.248420444446434"
"1929","PPP2R1A","SMAD2","-0.21451911693726"
"1930","PPP2R1A","SMG5","-0.340915062343578"
"1931","PQBP1","TXNL4A","-0.057730092492478"
"1932","PQBP1","WBP11","-0.232929087968404"
"1933","PRKAA2","ACACA","0.115864727255876"
"1934","PRKAA2","ACACB","-0.0848777018591031"
"1935","PRKAA2","EGR3","0.234777609167949"
"1936","PRKAA2","ELAVL1","0.0463296618666406"
"1938","PRKAB1","ACACA","0.673169141124899"
"1939","PRKAB1","ACACB","0.258164862406535"
"1940","PRKAB1","ELAVL1","0.117198869081188"
"1941","PRKAB2","ACACA","0.378457837240983"
"1942","PRKAB2","ACACB","0.105425740952214"
"1943","PRKAB2","ELAVL1","-0.268677642942209"
"1944","PRKAG1","ACACA","-0.63289123249972"
"1945","PRKAG1","ACACB","-0.506025456307927"
"1946","PRKAG1","ELAVL1","-0.334301613589752"
"1947","PRKAG1","ZIC2","0.071045657222796"
"1949","PRKAG2","ACACA","-0.343033992270117"
"1950","PRKAG2","ACACB","-0.166000573889127"
"1951","PRKAG2","ADRA1A","0.630760964081298"
"1952","PRKAG2","BMP8A","0.13000131158396"
"1953","PRKAG2","ELAVL1","0.163417324833488"
"1954","PRKAG2","MYC","0.277705679985152"
"1955","PRKCA","ATP6AP1","0.583915992530641"
"1956","PRKCA","PA2G4","0.597306443656215"
"1957","PRKCA","PLCB1","-0.336793050920978"
"1958","PRKCA","PLCB2","0.434423251270052"
"1959","PRKCA","PLCG1","0.0304574584006772"
"1960","PRKCA","PLCG2","-0.453915756626446"
"1961","PRKCA","PTK2","0.592092518567861"
"1962","PRKCA","TRPV4","-0.538767177138982"
"1963","PRKCB","PA2G4","-0.438824344350863"
"1964","PRKCB","PLCB1","-0.452140610379576"
"1965","PRKCB","PLCB2","0.56802846793468"
"1966","PRKCB","PLCG2","-0.287794147750526"
"1967","PRKCB","SLC2A2","0.435096395827223"
"1968","PRKCB","TRPV4","-0.340677330659913"
"1971","PRKCD","NFE2L2","0.0350677420666076"
"1972","PRKCD","EGR3","0.260109423499632"
"1973","PRKCD","TRPV4","0.211498384538768"
"1975","PRKCG","PA2G4","0.693278713499145"
"1976","PRKCG","PTK2","0.597319583183481"
"1977","PRKCG","TRPV4","0.0122353666187389"
"1979","PRKDC","HMGB2","0.225755609500625"
"1980","PRKDC","ILF2","0.479268064809449"
"1981","PRKDC","XRCC6","0.386209921214391"
"1982","PSPH","SHMT1","-0.189725392016495"
"1983","PTK2","FYN","-0.751245809634672"
"1984","PTK2","PTEN","-0.671173537632774"
"1985","PTK2","ITGA2","0.339143596302944"
"1986","PTK2","ITGA6","0.191511673558826"
"1987","PTK2","PIAS1","-0.00488880401300889"
"1988","PTMA","IDO2","0.260685607833156"
"1989","PTMA","KPNA2","0.689904799477607"
"1990","PTMA","KPNB1","0.356797704173729"
"1991","PTMA","NUTF2","-0.152493690262613"
"1992","PTMA","SET","0.150452819588917"
"1993","PTMA","VIPR1","0.0685417405182892"
"1994","PTS","PTS","1"
"1995","PTTG1","RPS10","0.165568165212415"
"1996","PTTG1","XRCC6","0.137456712955296"
"1997","RAC1","ABL2","0.176257108811106"
"1998","RAC1","DVL1","-0.107974836397079"
"1999","RAC1","DVL2","0.00129517076784941"
"2000","RAC1","DVL3","0.166828653047268"
"2001","RAC1","FYN","-0.0800519272808875"
"2002","RAC1","GNB1","0.291456930157229"
"2003","RAC1","MAP3K1","0.789259655226036"
"2004","RAC1","PTTG1","0.233671318511086"
"2005","RAC1","RALBP1","0.00191426944005215"
"2006","RAC1","TLR4","-0.00976549640550848"
"2007","RAC1","WASF2","0.0660242255457126"
"2008","RAD1","RAD1","1"
"2009","RAD50","RAD50","1"
"2010","RAD51","RAD51","1"
"2011","RAD51","UBE2I","-0.532337995407557"
"2012","RAD54B","RAD54B","1"
"2013","RAF1","PIK3CA","0.097525572011504"
"2014","RAF1","PIK3CB","-0.203521142149293"
"2015","RAF1","PIK3CD","0.167396043359323"
"2016","RAF1","PIK3R2","0.463336020877021"
"2017","RAF1","RFXANK","0.156894799416483"
"2018","RALA","RALBP1","0.687555047726065"
"2019","RAN","MYC","0.227355257905093"
"2020","RAN","PTMA","-0.0735872470190818"
"2021","RAN","SMAD2","0.290964678610534"
"2022","RASSF4","STK3","-0.0466973344030728"
"2023","RB1","ARID3B","0.249086902246507"
"2024","RB1","CCNE2","0.251916002222268"
"2025","RB1","E2F5","-0.0900144652938445"
"2026","RB1","GTF3C2","-0.167451433633968"
"2027","RB1","ID2","0.292768046009662"
"2028","RB1","MDM4","-0.181679860686308"
"2029","RB1","MYC","0.319301772445103"
"2030","RB1","POLA1","-0.282338883331882"
"2031","RB1","RB1","1"
"2032","RB1","RBBP5","-0.265826728847367"
"2033","RB1","SMARCA4","0.340594939651552"
"2034","RB1","TP53BP2","0.0519650432529528"
"2036","RBBP7","DHX30","-0.136479071989812"
"2037","RBBP7","SUV39H1","0.437232927900104"
"2038","RETSAT","CYP26A1","0.515215672015537"
"2039","RETSAT","HSD17B6","0.356987811749286"
"2040","RETSAT","MYC","0.6462434435688"
"2041","RFC1","RFC1","1"
"2042","RFC1","SMC1A","0.0210004249060836"
"2043","RFX5","RFXANK","-0.09032554433054"
"2044","RGL1","RALA","-0.347241351249606"
"2045","RHEB","MYC","-0.217678560583442"
"2046","RILP","TUBA1B","0.299112297609151"
"2047","ROCK2","PTEN","-0.479478431199279"
"2048","RPS6KA3","EGR3","-0.0697189539727097"
"2049","RPS6KA3","MEFV","0.302191453072899"
"2050","RPS6KB1","EIF4B","0.803554339513259"
"2051","RPS6KB2","EIF4B","0.175331029630771"
"2052","RRAGC","BHLHE40","0.00855569298044521"
"2053","RRAGC","EGR3","0.245518584700591"
"2055","RUVBL2","EXOSC10","0.135782048792069"
"2056","RUVBL2","NDRG1","-0.0424766725683468"
"2057","RUVBL2","DPCD","-0.00611646956009497"
"2058","SATB2","PIAS1","0.443331222235818"
"2059","SDHB","NFE2L2","-0.484165756976691"
"2060","SDHB","NRF1","-0.111560816808317"
"2061","SDHB","SUCLG2","-0.600499181754058"
"2062","SDHD","MYC","0.192005057111223"
"2063","SDHD","SUCLG2","0.60661529121881"
"2064","SERPING1","C1R","0.713447174652371"
"2065","SFRP1","DNMT3A","-0.578853104707254"
"2066","SFRP5","DNMT3A","-0.0125762056069179"
"2067","SHC1","NPM1","-0.140382553793371"
"2068","SHC3","ATF5","0.0222890083858322"
"2069","SHC3","FOSB","0.175429136731013"
"2071","SHMT1","AGXT","0.459805449153155"
"2072","SHMT1","AGXT2","-0.351957010172409"
"2073","SHMT1","FTCD","0.493071017247518"
"2074","SHMT1","MYC","0.429988011297216"
"2075","SHMT1","SDS","0.126147914352246"
"2076","SIRT7","NNMT","-0.230062879199369"
"2077","SMAD2","ANK3","-0.0188413696858644"
"2078","SMAD2","AXIN1","-0.28464238575813"
"2079","SMAD2","BRCA1","0.241358344601422"
"2080","SMAD2","ESR1","-0.162575792806773"
"2081","SMAD2","POU2F1","0.0200801957361697"
"2082","SMAD2","KHDRBS1","0.152521725742132"
"2083","SMAD2","KPNB1","0.153751321153332"
"2084","SMAD2","PAPOLA","0.238501345756292"
"2085","SMAD2","RHOD","0.408707601506026"
"2086","SMAD2","SMAD2","1"
"2087","SMAD2","SNAPIN","-0.264758291927134"
"2088","SMAD2","STAMBP","0.197973987513501"
"2089","SMAD2","UBR5","0.0581350708316131"
"2090","SMAD3","SMAD3","1"
"2091","SMARCA2","ACTL6A","-0.14591920355"
"2092","SMARCA2","ACTL6B","-0.150893146009447"
"2093","SMARCA2","ARID2","-0.384928218447597"
"2094","SMARCA2","PRPF6","-0.0946675085120911"
"2095","SMARCA4","ACTL6A","0.410864560417909"
"2096","SMARCA4","BRCA1","0.555936749725265"
"2097","SMARCA4","SMARCE1","0.0788087564975604"
"2098","SMARCA4","ZMYND11","-0.355098558229015"
"2099","SMARCB1","SMARCB1","1"
"2100","SMARCC1","ARID2","0.184204480481995"
"2101","SMARCC1","SMARCD3","0.518858929755749"
"2102","SMARCC2","ARID2","-0.258029762786629"
"2103","SMARCC2","BAZ1B","0.365814317733752"
"2104","SMARCC2","ITSN1","0.399186064267703"
"2105","SMARCD1","ATF5","-0.414454709094167"
"2106","SMARCD1","FEZ1","0.244871839482495"
"2107","SMARCD1","LDOC1","-0.573070775768659"
"2108","SMARCD2","EGR3","0.510822946918616"
"2110","SMARCD3","EGR3","0.381907279759779"
"2111","SMARCD3","NR1H4","0.212468283617529"
"2112","SMARCD3","ZIC2","-0.312811688039226"
"2113","SMARCE1","ARID2","0.116884355346436"
"2114","SMARCE1","BAZ1B","-0.323860743304499"
"2115","SMARCE1","NCOA2","0.211062576586142"
"2116","SMG7","SMG5","-0.326638524783935"
"2118","SMS","EZH2","0.756944579259634"
"2119","SNRPB","GEMIN5","0.326499781838303"
"2120","SNRPB","SNRPB","1"
"2121","SNRPB","SNRPD1","-0.0571494265975426"
"2122","SNRPD1","GEMIN5","0.00826291512616008"
"2123","SNRPD1","SNRPD2","0.0090168572401334"
"2124","SNW1","PABPN1","-0.271357405866464"
"2125","SOS1","PDGFRA","-0.617774866527425"
"2126","SOS1","SHC3","-0.0683676506526026"
"2127","SOS1","SPRY2","-0.347847299112187"
"2128","SOS2","SPRY2","-0.212003179168991"
"2129","SRM","POU2F1","0.207953653077274"
"2130","SRM","SMS","-0.272849073778474"
"2131","SSB","SSB","1"
"2132","SSRP1","DHX9","-0.0984287499511906"
"2133","SSRP1","EXOSC10","0.30010177052295"
"2134","SSRP1","NEK9","-0.0819285323648977"
"2135","CENPX","FANCI","0.60230543616962"
"2136","SUPT16H","NEK9","0.0376541976322156"
"2137","TAF12","CPSF1","-0.0323689890800233"
"2138","TAF12","TAF2","0.54963591225169"
"2139","TAF1A","TAF1A","1"
"2140","TAF4","TAF2","0.356210510125811"
"2141","TAF5","CPSF1","-0.539563675661356"
"2142","TAF5","TAF2","0.277169151148197"
"2143","TAF6","TAF6","1"
"2144","TALDO1","MYC","0.0834065261955826"
"2145","TALDO1","ZHX1","0.0900881393824164"
"2146","TALDO1","ZNF143","0.223185562975931"
"2147","TARDBP","EXOSC10","-0.336051764197643"
"2148","TARDBP","NSFL1C","0.272468952115545"
"2149","TARDBP","SETDB1","0.0610143044628815"
"2150","TARDBP","ZHX1","-0.090922923283858"
"2151","TCEA2","CENPT","-0.738617239114584"
"2152","TCEA2","RPA1","-0.146628477036734"
"2153","TCERG1","HNRNPM","0.657914498247677"
"2154","TCERG1","SETDB1","0.464735613165765"
"2155","TCERG1","SF3A3","-0.182051382125552"
"2156","TCERG1","SF3B2","0.0655562048595211"
"2157","TCERG1","SF3B4","0.382021546950499"
"2158","TCF7","AXIN1","0.482967857578438"
"2159","TCF7","BIRC5","0.408801521391376"
"2160","TCF7","TERT","0.292954221259926"
"2161","TCF7L1","AXIN1","0.25716045401603"
"2162","TCF7L1","BIRC5","0.610270371182053"
"2163","TCF7L2","AXIN1","0.600830463027493"
"2164","TCF7L2","BIRC5","0.00460352933425976"
"2165","TCF7L2","CSNK2A1","-0.526153757186527"
"2166","TCF7L2","PTGS2","0.128093178342437"
"2167","TCF7L2","STARD7","-0.627863159805212"
"2168","TCFL5","TOPBP1","0.0793395767542812"
"2169","TERT","ETS2","-0.449532330896814"
"2170","TERT","ID2","-0.343079183683538"
"2171","TERT","RUVBL2","0.0581062196462055"
"2172","TERT","XRCC6","0.0984470232262558"
"2173","TGFBR2","ETV4","-0.0145294561020232"
"2174","ALYREF","ALYREF","1"
"2175","TIMELESS","TIPIN","-0.326974106457237"
"2176","TKT","MYC","-0.406150801024189"
"2177","TKT","RPIA","0.359470085555412"
"2178","TKT","TALDO1","0.0521383797797307"
"2179","TLE1","TLE1","1"
"2180","TLR4","POU2F1","-0.247436162696591"
"2181","TP53","TP53","1"
"2182","TRIM24","TRIM24","1"
"2183","TRIM28","TRIM28","1"
"2184","TRIM32","TRIM32","1"
"2185","TRIP13","C11orf54","0.218776740560521"
"2186","TRIP13","LASP1","0.0868345537719482"
"2187","TRIP13","PBLD","-0.365368612682236"
"2188","TRIP13","PLSCR4","-0.507495632775168"
"2189","TRIP13","TRIP13","1"
"2190","TSC1","RHEB","0.180505561988593"
"2191","TSC1","RPS6KA3","0.0911279721395607"
"2192","TSC2","PRKAA2","0.102858397779225"
"2193","TSG101","CEP55","-0.0416694344672089"
"2194","TSG101","PPFIBP2","-0.0293649068600529"
"2195","TSG101","SCAMP3","-0.336310268754737"
"2196","TSG101","SNF8","-0.0074476053840639"
"2197","TSG101","TTF2","0.0929321286967222"
"2198","TSG101","VPS37C","0.0481694442912568"
"2199","TTF2","HNRNPA1","0.52214170100619"
"2200","TTF2","HNRNPA2B1","0.345261047641003"
"2201","TTF2","KIF4A","0.803279540395174"
"2202","TTF2","MATR3","0.18004306606726"
"2203","TTF2","TACC3","0.293797748171123"
"2204","TYMS","E2F4","-0.642107849553879"
"2205","TYMS","ESR1","-0.572013127493633"
"2206","TYMS","MYC","0.0580194800152057"
"2207","UBE2T","FANCI","0.852668779593336"
"2208","UBE2T","NFYC","0.587784051884445"
"2209","UGDH","MYC","-0.227641418142541"
"2210","UHRF1","TOP2A","0.820900831709523"
"2211","UPF2","GSPT2","0.0811945099692001"
"2212","UPF2","MYC","-0.679922417506017"
"2213","UPF2","ZFP36","-0.744593474739221"
"2214","UPF3B","GSPT2","-0.142799002544644"
"2215","UPF3B","POU2F1","0.0682678513669217"
"2216","UPF3B","SATB2","-0.220499560659201"
"2217","VPS45","MYC","-0.306089040594551"
"2218","WASF2","ARF1","-0.301561734468414"
"2219","WASF2","POU2F1","0.465352606399714"
"2220","WASF2","NFYC","0.544908089957052"
"2221","WBP11","MCRS1","-0.314433972245699"
"2223","WNT1","FOSB","-0.159867884695376"
"2224","WNT1","FZD10","0.167617032346309"
"2225","WNT1","LEF1","-0.226042033659019"
"2226","WNT10A","ATF5","-0.0169108807730204"
"2227","WNT10A","ESR1","0.0823660318578815"
"2228","WNT10A","FZD10","-0.607498361187684"
"2229","WNT10A","MYC","-0.138663481525054"
"2230","WNT10B","LRP6","-0.209191358083147"
"2231","WNT16","FZD10","-0.337748569253132"
"2232","WNT16","NFYC","0.208101850228674"
"2233","WNT16","SFRP1","0.257998443486041"
"2234","WNT16","SFRP5","0.164470431098797"
"2235","WNT3A","FZD10","-0.419716872695605"
"2236","WNT4","LRP6","-0.180217639973298"
"2237","WNT5A","EGR3","-0.0730470319494827"
"2238","WNT5A","FZD10","-0.0119661564806602"
"2239","WNT5A","FZD3","0.493005066316177"
"2240","WNT5B","LRP6","-0.467177688014492"
"2241","WNT6","LRP6","0.385636976685753"
"2242","WNT7A","LRP6","0.0228867286374205"
"2243","WNT8A","LRP6","-0.342695726465449"
"2244","WNT8B","LRP6","0.00205556355546044"
"2245","WNT9A","FZD10","0.321392544806734"
"2246","WNT9B","FZD10","-0.0779384458227068"
"2247","XRCC6","ACD","-0.181207225833567"
"2248","XRCC6","CCT3","0.744441070200998"
"2249","XRCC6","CDCA5","0.0574664788773323"
"2250","XRCC6","PAFAH1B3","-0.610322746470915"
"2251","XRCC6","RPLP1","0.860961593301741"
"2252","YWHAB","CDC25B","0.154889079129237"
"2253","YWHAB","CDC25C","0.178570656297875"
"2254","YWHAB","RNPS1","0.100008167331028"
"2255","YWHAB","MDM4","0.245578192399444"
"2256","YWHAB","ZFP36","-0.183274338416868"
"2257","YWHAG","CDC25B","-0.344408944678649"
"2258","YWHAG","CDC25C","-0.261619881237958"
"2259","YWHAG","FOSB","-0.0542624277630243"
"2260","YWHAG","RNPS1","-0.32875302392692"
"2261","YWHAG","MCM5","-0.644767573242318"
"2262","YWHAG","MDM4","-0.0528698230278971"
"2263","YWHAG","ZFP36","0.130188311888299"
"2264","YWHAZ","CDC25B","0.393149653823251"
"2265","YWHAZ","CDC25C","0.530258157304305"
"2266","YWHAZ","MDM4","0.512217377351425"
"2267","YWHAZ","XRCC6","-0.0791745037700387"
"2268","ZBTB33","ZBTB33","1"
"2269","ZFP64","SETDB1","0.643439997481873"
"2270","ZHX1","AKR1C3","0.118055626895695"
"2271","ZHX1","NACA","0.251292610858352"
"2272","ZHX1","PAFAH1B3","-0.829598159285"
"2273","ZHX1","ZHX1","1"
"2274","ZIC2","ADAMTS1","-0.0357129991047833"
"2275","ZIC2","BUB3","0.223246074331877"
"2276","ZIC2","COL4A4","-0.208863318653827"
"2277","ZIC2","DHX30","-0.255450100150158"
"2278","ZIC2","ENSA","-0.0834219893710742"
"2279","ZIC2","HPX","-0.277347298232311"
"2280","ZIC2","LRG1","-0.563767163200689"
"2281","ZIC2","NDUFA4L2","-0.00937585847048399"
"2282","ZIC2","POLR3F","0.457649496493131"
"2283","ZIC2","PPFIBP2","-0.156688572033121"
"2284","ZIC2","SLC13A4","0.0963923379622361"
"2285","ZIC2","SSRP1","0.157597547801394"
"2286","ZIC2","THOC6","-0.284637876746093"
"2287","ZIC2","TPD52L1","-0.0820143199147789"
"2288","ZIC2","UBE2A","0.00922161082577382"
"2289","ZIC2","KDM6A","-0.1295416002454"
"2290","ZIC2","ZNF189","-0.432798995652647"
"2291","ZMYND11","BMPR1A","0.65940761782863"
"2292","ZNF143","BUB1B","-0.253091765147759"
"2293","ZNF581","HNRNPC","-0.475627574040347"
"2294","ZNF7","RPL7","-0.144744469417574"
"2295","DNAJC2","HSPA14","0.105567516893201"
"2392","TCF3","TCF3","1"
