Node1,Node2,Weight
AATF,BAX,0.646928199
AATF,LDOC1,-0.253903603
AATF,POLR2J,0.455182551
AATF,TSG101,0.453820418
ABL2,BTF3,0.031121245
ACAA1,PCCA,-0.009622685
ACAA2,PCCA,0.372624722
ACADS,ECHS1,0.110618974
ACAT1,AACS,-0.543760507
ACAT1,HMGCS2,-0.776263246
ACAT1,MYC,0.147505859
ACTB,ACTR3C,-0.147407544
ACTB,AHNAK,0.066083369
ACTB,ARHGAP10,0.034239637
ACTB,CTNNA1,0.346416572
ACTB,EGR1,0.353665927
ACTB,EGR3,0.415499164
ACTB,ITGA2,0.413252712
ACTB,ITGA6,0.519888083
ACTB,ITGA9,0.454860628
ACTB,ITGB8,0.364965177
ACTB,MYO10,0.503828312
ACTB,MYO1B,-0.657945952
ACTB,MYO5A,0.083349297
ACTB,SMARCA4,0.556054321
ACTB,SMARCB1,0.414657961
ACTB,STK3,0.031016029
ACTB,WAS,0.869706389
ACTB,WASF1,-0.014823854
ACTB,WASF2,0.348241764
ACTG1,CTNNA1,-0.021331137
ACTG1,EGR1,0.802774015
ACTG1,EGR3,0.441372526
ACTG1,NR3C2,-0.496477106
ACTG1,SMARCB1,0.249578145
ACTG1,STK3,-0.70803335
ACTL6A,TRRAP,0.745685984
ACTL6B,EGR3,-0.253369164
ADH1A,CYP26A1,0.332440036
ADH1A,GSTA3,0.146491378
ADH1A,GSTA4,0.306897153
ADH1A,GSTM1,-0.580553822
ADH1A,GSTM2,-0.566237162
ADH1A,GSTM3,0.104934299
ADH1A,GSTM4,-0.532042059
ADH1A,GSTM5,-0.504300839
ADH1A,GSTO1,0.077517591
ADH1A,GSTO2,-0.381234568
ADH1A,GSTP1,-0.6990728
ADH1A,GSTT1,-0.33075994
ADH1A,MGST1,-0.00268084
ADH1A,MGST2,0.240140572
ADH1A,MGST3,0.285015106
ADRA1A,FOSB,-0.716488216
AGTR1,ETV4,0.097535938
AGTR1,POU2F1,0.534166988
AGTR1,SERPINE1,0.490326315
AGTR1,SND1,0.528464904
AGXT2,ABAT,0.073576978
AHNAK,EBF1,-0.254403921
AKR1B10,MYC,0.417932507
AKT1,EZH2,0.672375162
AKT1,MDM4,0.175502109
AKT1,RPS6KB1,0.218255562
AKT2,BAD,-0.417720357
AKT2,EBF1,-0.133865176
AKT2,ESR1,0.221870978
AKT2,RPS6KB1,-0.332374852
AKT2,TSC1,-0.35894261
AKT3,BAD,0.426660113
AKT3,C6,0.342316781
AKT3,C7,0.581670454
AKT3,C8A,0.051827525
AKT3,C8B,0.109730909
AKT3,C9,0.181177299
AKT3,CDKN1A,0.481443378
AKT3,HSP90AA1,-0.291572988
AKT3,HSP90AB1,0.231563396
AKT3,PPP2R5A,-0.450209361
AKT3,PTK2,-0.382335555
AKT3,RHOB,-0.120987588
AKT3,RPS6KB1,0.298795806
AKT3,THEM4,-0.284343303
AKT3,TSC2,0.236926341
ALDH1B1,ACYP1,0.453207588
ALDH1B1,ADH1A,-0.039009477
ALDH1B1,AOC1,0.34539943
ALDH2,ACYP1,0.411172524
ALDH2,ADH1A,-0.234130345
ALDH2,ADH1B,0.213881408
ALDH2,ADH1C,0.485404522
ALDH2,ADH4,0.049607855
ALDH2,AKR1B10,-0.007409621
ALDH2,AOC1,-0.375865778
ALDH2,BBOX1,-0.04654096
ALDH6A1,ABAT,0.542902208
ALDH6A1,ATF2,-0.398023193
ALDH6A1,MYC,0.250286449
ALDOB,FBP1,0.970853186
AMDHD1,UROC1,0.533766489
ANAPC11,PTTG1,0.588260914
ANAPC5,FOS,0.178063357
ANAPC5,FOSB,0.387458578
ANAPC5,MYC,-0.138108074
ANAPC5,PTTG1,0.395300933
ANAPC7,PTTG1,0.604966671
ANKZF1,AURKB,0.013296937
ANKZF1,CA2,0.129057825
AOC1,INMT,0.086536021
APC,AXIN1,0.41721783
APC,CTNNB1,-0.334422984
APC,F8,0.256455111
APC,POU2F1,-0.261066477
APC,PTGS2,0.363486151
APC,PTPN13,-0.111222369
APC,TCF3,0.131968984
APC2,CTNNB1,-0.058659917
ARAF,HRAS,0.157129427
ARAF,KRAS,0.00767313
ARAF,NRAS,-0.550953494
ARAF,PRKCD,0.240007181
ARAF,YWHAB,-0.307821057
ARAF,YWHAG,0.129830971
ARAF,YWHAZ,0.163691241
ARF1,MDM4,-0.184237563
ARF1,NPM1,-0.690552979
ARF1,WBP11,0.082864507
ARID1A,POU2F1,-0.296382202
ARID1A,SMARCA4,0.851753025
ARID1A,SMARCB1,0.521510461
ARID1B,FOSB,0.214589372
ARID1B,SMARCA2,0.084855899
ARID1B,SMARCA4,-0.169239755
ARID1B,SMARCB1,-0.467496024
ARID1B,TCF3,0.108529606
ARID4B,SAP130,-0.093717819
ASL,ADSL,-0.564032732
ASS1,ADSS1,-0.528973037
ASS1,ASL,0.399759758
ATF2,ADRA1B,-0.331369604
ATF2,AHCTF1,0.427107053
ATF2,ALDH18A1,0.010827442
ATF2,AQP1,-0.327156215
ATF2,ARF1,-0.424034694
ATF2,ARID1B,0.40125242
ATF2,ARID2,0.8253486
ATF2,BAZ1B,0.23251786
ATF2,C1orf35,-0.172637606
ATF2,C6orf62,0.602334883
ATF2,CCDC124,-0.572759586
ATF2,CCDC86,-0.401348374
ATF2,CDKL5,-0.000762146
ATF2,CEP55,0.35667267
ATF2,CHD7,-0.014389934
ATF2,COL15A1,-0.346848957
ATF2,COPA,-0.189226822
ATF2,DCUN1D3,0.596352414
ATF2,DNAJC9,0.255249649
ATF2,EBF1,-0.064258925
ATF2,EGR1,0.099050599
ATF2,ENOPH1,0.187733755
ATF2,ENSA,0.562359671
ATF2,EXOC6B,0.548067385
ATF2,FAM50A,-0.187172091
ATF2,FAM91A1,0.136763416
ATF2,FAS,-0.27880001
ATF2,FBXO4,0.191213449
ATF2,FGF13,0.126146818
ATF2,FOSB,0.217960679
ATF2,GABARAPL1,0.122644867
ATF2,GGNBP2,0.775242423
ATF2,HDAC4,-0.120123812
ATF2,IRAK1,-0.324962635
ATF2,ITGB8,0.097577373
ATF2,JDP2,0.070039575
ATF2,KCNN2,0.082689765
ATF2,KCNN3,-0.25671941
ATF2,KDM5B,0.240654502
ATF2,KIF18A,0.468800148
ATF2,KLF13,-0.303185414
ATF2,LIG3,0.076735934
ATF2,LPP,0.767711933
ATF2,MCM10,-0.036640175
ATF2,MRPL34,-0.276672838
ATF2,NCOA6,0.635886787
ATF2,NDUFA2,-0.093133184
ATF2,NEDD1,0.624732027
ATF2,NPM1,-0.157136755
ATF2,NUP133,0.470177833
ATF2,ONECUT2,0.116039699
ATF2,OSGEPL1,-0.362921572
ATF2,PEX5,-0.121005772
ATF2,PFDN6,-0.193911843
ATF2,PHACTR3,-0.649340965
ATF2,POGK,-0.360039661
ATF2,PTGS2,-0.145992446
ATF2,RAB25,0.222089356
ATF2,RAP2A,0.245414182
ATF2,RBM12,0.627276094
ATF2,RCC2,0.104803295
ATF2,RNF44,-0.160740239
ATF2,RNMT,0.298868649
ATF2,RPS27,0.596792057
ATF2,RUSC1,-0.574954173
ATF2,RUVBL2,-0.761559279
ATF2,SAFB2,0.249266639
ATF2,SART3,0.322129386
ATF2,SLC16A2,-0.66830427
ATF2,SLC25A37,0.382844338
ATF2,SMARCA2,0.42489353
ATF2,SMARCD1,-0.364518907
ATF2,SNRNP40,0.095218081
ATF2,STAMBP,0.072774541
ATF2,STAU2,-0.297944036
ATF2,STRBP,0.345706224
ATF2,TAF2,-0.158870499
ATF2,TAPT1,0.204619036
ATF2,TNF,0.07575914
ATF2,TSPAN7,-0.202622436
ATF2,UCK2,-0.309951661
ATF2,ZBTB37,0.672209945
ATF2,ZCCHC17,0.659901891
ATF2,ZNF746,-0.272601888
ATF5,ACBD4,-0.15425608
ATF5,ADK,-0.782709156
ATF5,ADRA1B,-0.081198294
ATF5,CDKL5,0.089254091
ATF5,CENPE,0.494659973
ATF5,CEP55,0.621781439
ATF5,CIRBP-AS1,0.057765134
ATF5,COPA,0.057279234
ATF5,DNAJC7,0.533389766
ATF5,DNAJC9,0.699430025
ATF5,ENOPH1,0.042182383
ATF5,FBXO4,-0.437109785
ATF5,FGF13,-0.413254839
ATF5,GGNBP2,0.608826964
ATF5,HHIP,0.122952675
ATF5,HNRNPA2B1,0.255455359
ATF5,HNRNPU,0.813886153
ATF5,IGF2BP2,0.711727207
ATF5,JDP2,0.317499329
ATF5,KAT7,0.742963378
ATF5,KCNN2,0.137988593
ATF5,KLF13,0.324242227
ATF5,KLHL12,-0.451113518
ATF5,KRTCAP2,-0.160209412
ATF5,LIG3,0.570633591
ATF5,LOX,0.115544373
ATF5,LPP,0.426619142
ATF5,MCAM,0.703677771
ATF5,NEDD1,0.424195608
ATF5,NPM1,-0.230396555
ATF5,NUDT3,0.781350919
ATF5,ONECUT2,-0.346905932
ATF5,PCDH9,0.607462984
ATF5,PEX5,0.313812558
ATF5,PFDN6,0.171377774
ATF5,PHACTR3,-0.216485786
ATF5,RAD51C,0.495049624
ATF5,RNF44,0.474427408
ATF5,RPS27,0.15309507
ATF5,RUSC1,0.212205799
ATF5,SAFB2,0.899563114
ATF5,SLC5A7,-0.246271857
ATF5,SND1,0.227644774
ATF5,STAMBP,0.513205961
ATF5,TAF2,-0.4893908
ATF5,TAPT1,-0.024881534
ATF5,TSPYL1,0.277147853
ATF5,UCK2,-0.304330173
ATF5,ZNF711,0.306686116
ATF5,ZNF746,-0.548930807
ATF5,ZWILCH,0.55211612
ATP6V1F,EGR2,0.113871917
ATP6V1F,EGR3,0.518738912
AXIN1,PIAS1,-0.200408363
B4GALT3,ATF2,-0.550854837
B4GALT3,ST3GAL3,-0.445721697
BAD,EGR1,0.508613433
BAD,MAPK3,0.066704935
BAD,TCF3,0.649471322
BARD1,BRD7,0.272177791
BARD1,POU2F1,0.779975681
BARD1,SETDB1,0.411636591
BCL2L1,BAX,0.677003641
BDP1,POLR3F,0.481037122
BHLHE40,ABCF1,-0.777937883
BHLHE40,BAX,-0.36122711
BHLHE40,CCDC86,-0.67742062
BHLHE40,CTSA,-0.70086914
BHLHE40,CUTA,-0.835778544
BHLHE40,FAM168B,-0.537168337
BHLHE40,MIEN1,-0.164407006
BHLHE40,S100PBP,0.726495423
BHLHE40,SETDB1,-0.72152028
BHLHE40,U2SURP,0.351157154
BHMT,DMGDH,0.280466579
BMP5,BMPR1A,0.127234955
BMP8A,BMPR1A,0.224428551
BRAF,EGR1,-0.004014917
BRAF,FOS,0.214932083
BRAF,HRAS,-0.065789247
BRAF,KRAS,0.047324463
BRAF,NRAS,0.638192492
BRCA1,ASPM,0.277769386
BRCA1,AURKA,-0.304218058
BRCA1,DDB2,0.220574692
BRCA1,ETV4,0.475168058
BRCA1,KPNA2,-0.673537032
BRCA1,MNAT1,0.643721091
BRCA1,POU2F1,0.501424819
BRCA1,SMC1A,-0.37750457
BRCA1,TRRAP,-0.3501077
BRCA2,BUB1B,0.842906557
BRCA2,CCNE1,0.685334636
BRCA2,FANCG,0.732419669
BRCA2,PSMD3,0.40586538
BRCA2,RPA1,0.246218973
BRCA2,SEM1,0.158685816
BRD7,BHLHE40,0.514564718
BRD7,PAFAH1B3,-0.468195349
BRD7,PTPN13,0.164905389
BRD7,RPLP1,0.612112549
BRD8,TRRAP,0.539146036
CAMK1,EGR2,0.295286063
CAMK1,EGR3,0.249846583
CAMK2B,EGR1,0.125157351
CAMK2B,EGR2,-0.464501799
CAMK2B,EGR3,0.088031948
CAT,EGR3,-0.438969757
CAT,NFE2L2,0.386420973
CCNA2,ATF2,0.390698385
CCNA2,E2F2,-0.008913833
CCNA2,E2F4,-0.499483945
CCNA2,ETS2,0.134487158
CCNA2,MYC,-0.505790937
CCNA2,PTMA,0.136687164
CCNA2,UBTF,-0.297305614
CCNB1,FOXM1,0.530787839
CCNB1,PTMA,-0.286459458
CCNB1,PTTG1,0.849625061
CCNB2,ANAPC11,0.47570753
CCNB2,ANAPC7,0.648655062
CCND1,ATF2,0.557094626
CCND1,BRCA1,-0.033397546
CCND1,CREB3L2,0.592581066
CCND1,CREB3L4,0.192007971
CCND1,CTNNB1,-0.056798792
CCND1,E2F4,0.182755568
CCND1,E2F8,0.330119116
CCND1,ESR1,0.314773064
CCND1,ETS2,0.036144588
CCND1,FOS,0.305575376
CCND1,HEY1,-0.434458593
CCND1,MAPK1,0.135745626
CCND1,MAPK3,0.015192876
CCND1,MYC,-0.19688938
CCND1,NELFCD,0.410544623
CCND1,NPM1,-0.597011689
CCND1,POU2F1,0.655067206
CCND1,RB1,0.15455319
CCND1,SMARCA4,0.503921566
CCND1,TCF7,-0.431551034
CCND1,TCF7L1,0.533849395
CCNE1,EGR2,-0.06637934
CCNE1,EGR3,0.154465011
CCNE1,EZH2,0.572139894
CCNE1,SMARCA4,0.729628387
CCNE1,TCF19,0.851612748
CD14,ATF2,-0.026117509
CD14,TLR4,0.436693046
CDC20,FBXO5,-0.120873271
CDC20,NFYC,0.324706993
CDC20,PTTG1,0.841038994
CDC23,NFYC,0.165717426
CDC23,PTTG1,0.310245429
CDC23,RAD54B,-0.128801822
CDC25B,FOXM1,0.470642867
CDC25C,PPP1CC,0.267555308
CDC6,FOXM1,0.751235823
CDK1,FOXM1,0.540034204
CDK1,HMGA1,0.274871241
CDK1,MDM4,0.11645999
CDK1,NPM1,0.580527383
CDK1,PTMA,0.138484804
CDK1,PTTG1,0.864436603
CDK7,ERCC3,0.399319752
CDK7,PCGF6,0.184376655
CDKN1A,EZH2,-0.231895245
CDKN1A,FUBP1,-0.3641317
CDKN1A,NELFCD,-0.403574465
CDKN1A,NPM1,-0.580662351
CDKN1A,PTMA,0.636308826
CDKN1A,TAF5,-0.040170452
CDKN1A,TSG101,-0.200574274
CDKN1A,XRCC6,-0.394289669
CDKN2A,EZH2,0.510870068
CDKN2A,FOXM1,0.350505436
CDKN2A,MCM5,0.246096156
CDKN2C,EGR2,0.335540734
CDKN2C,EGR3,-0.283393476
CDKN2C,RBBP5,-0.159654326
CDKN2C,WDR5,0.404477374
CENPS,FANCI,-0.037642331
CENPX,FANCI,-0.411225231
CFI,C3,-0.19688338
CITED2,LHX2,-0.077892109
CKS1B,NFYC,0.071187891
CKS1B,SKP2,-0.527807006
CKS2,YBX1,0.540581217
CLEC4M,IL10,0.074556471
CLOCK,CSNK1D,0.279748834
CNOT3,CAND1,-0.341285919
CNOT3,CNOT1,-0.259041403
CNOT4,CNOT1,0.166205859
CNOT4,UBE2D2,-0.120581865
CREB3L2,EGR1,0.519569022
CREB3L4,EGR1,-0.472829836
CSNK1A1,HMGB2,0.659124795
CSNK1A1,MDM4,0.299593782
CSNK2A1,ATF2,-0.147891721
CSNK2A1,BDP1,-0.019428238
CSNK2A1,BRCA1,-0.669106526
CSNK2A1,CUX2,0.206359411
CSNK2A1,EGR1,0.280070903
CSNK2A1,MAZ,0.362289621
CSNK2A1,SSRP1,0.44357768
CSNK2A1,UBTF,-0.494476904
CSNK2A1,ZHX1,-0.200508565
CTNNB1,ATF2,0.468573519
CTNNB1,AXIN1,-0.738588613
CTNNB1,CSNK2A1,-0.229964911
CTNNB1,DLG5,0.232447914
CTNNB1,EGR1,-0.268356656
CTNNB1,ESR1,0.354692433
CTNNB1,FYN,0.144676764
CTNNB1,NDRG1,-0.445711653
CTNNB1,PECAM1,-0.13799375
CTNNB1,PTGS2,-0.329325778
CTNNB1,PTPN13,0.061519111
CTNNB1,RUVBL2,-0.217031644
CTNNB1,SMAD2,0.239488794
CTNNB1,SMAD3,0.601844447
CTNNB1,SMARCA4,-0.486807578
CTNNB1,TCF3,-0.614542429
CTNNB1,TERT,-0.219269984
CTNNBL1,STAMBP,-0.530444337
CYP1A2,CYP2C19,-0.377263877
CYP1A2,CYP2C8,0.39851855
CYP1A2,CYP2C9,0.893456393
CYP1A2,CYP2J2,0.497092421
CYP1A2,FOS,-0.32667085
CYP1A2,GSTO2,-0.428351033
CYP1A2,NAT2,0.774132313
CYP26A1,CYP2B6,-0.196075311
CYP2A6,CYP2B6,0.639407979
CYP2A6,CYP2C9,0.017862397
CYP2A7,CYP26A1,-0.36733975
CYP2B6,EGR1,0.453777271
CYP2C19,ESR1,-0.66093471
CYP2C8,CYP26A1,0.432137929
CYP2C9,CYP26A1,0.870922774
CYP2C9,NCOA6,-0.5685177
CYP8B1,AKR1D1,-0.439897417
CYP8B1,TP53,0.215456056
DACH1,UBE2I,-0.03237141
DBF4,E2F4,-0.484366554
DBF4,EGR1,0.601997485
DBF4,MCM2,0.265049951
DBF4,MCM3,0.216268245
DBF4,MCM5,0.250835726
DBF4,MCM7,0.042013022
DCN,NR1H4,-0.536765886
DCTN2,EGR2,-0.431971417
DCTN2,EGR3,-0.00069622
DCTN2,TUBA1B,0.577592951
DCTN4,HSF2,0.431980232
DCTN4,TUBA1B,-0.459265911
DDB2,CUL4A,-0.126868515
DDB2,CUL4B,-0.386570504
DDX20,DHX9,0.280203171
DDX20,GEMIN5,-0.400251342
DDX20,SNRPD2,0.08535009
DDX20,SNRPE,0.261975326
DDX20,SNRPF,-0.369652141
DGKQ,PLCD3,0.062710014
DGKZ,EGR3,0.429334676
DGKZ,PLCD3,-0.322364641
DNAJC2,HSPA14,0.830921686
DNMT3A,CBX1,0.656402414
DNMT3A,EZH2,0.598460176
DNMT3A,PIAS1,0.272546835
DNMT3A,POU2F1,-0.160550053
DNMT3A,SETDB1,0.306136059
DNMT3A,SUV39H1,0.525465762
DNMT3A,TCF3,0.807276674
DNMT3A,UBE2I,0.293903499
DR1,NR2C2,0.612651383
DR1,POLE3,0.271065884
DR1,PTGS2,0.437304172
DTYMK,MYC,0.099445499
DTYMK,TK1,0.567249933
DUSP1,ATF2,0.26328359
DUSP1,ATF5,0.265328229
DUSP1,MYC,0.206151113
DUSP1,NFE2L2,0.223422589
DUT,E2F4,-0.242112601
DUT,ESR1,0.616822074
DUT,MYC,0.585483645
DUT,TK1,0.182748773
DVL1,APC,-0.778086352
DVL1,BRD7,0.416352584
DVL1,CTNNB1,0.208858646
DVL1,EBF1,0.097846302
DVL1,FRAT1,-0.098685606
DVL1,FRAT2,-0.039964015
DVL1,MYC,0.57570638
DVL1,NKD2,-0.24301298
DVL1,SMAD2,0.307658422
DVL1,SMAD3,0.523819204
DVL2,FRAT1,-0.042670778
DVL2,NKD2,0.224136913
DVL2,RNPS1,0.546341791
DVL3,FRAT1,0.536929248
DVL3,KAT7,0.761765824
DVL3,NKD2,-0.544014376
DYNC1H1,SMAD2,0.581252135
DYNC1H1,TUBA1B,0.60576795
DYNC1I2,FOS,-0.27502666
DYNC1I2,TUBA1B,-0.365049186
DYNLL1,EGR2,-0.650348354
DYNLL1,EGR3,0.090165914
DYNLL1,NRF1,-0.440882645
DYNLL1,TUBA1B,0.417493068
DYNLL1,ZMYND11,-0.460602509
E2F2,ACSL1,0.348050434
E2F2,ACTR6,-0.431295961
E2F2,AGBL5,0.113711351
E2F2,AP1S1,-0.186636442
E2F2,APIP,-0.22584004
E2F2,ARHGAP11A,-0.007890143
E2F2,ARID1A,0.153560856
E2F2,ARID3B,0.388601503
E2F2,ARL6IP6,-0.279272683
E2F2,ARSJ,-0.371353603
E2F2,BAP1,0.431814139
E2F2,BMPR1B,0.6907649
E2F2,BRD7,-0.308806728
E2F2,BROX,-0.47518637
E2F2,CA2,-0.161227134
E2F2,CAMK2B,0.223327277
E2F2,CAPRIN1,-0.110779225
E2F2,CBX1,0.199819032
E2F2,CCNE2,0.148282862
E2F2,CDCA3,0.42966817
E2F2,CENPM,0.122952617
E2F2,CHRDL1,-0.019406656
E2F2,CLTA,-0.235488663
E2F2,CNOT10,0.050671204
E2F2,COPS6,0.15366334
E2F2,CSRNP1,-0.091952603
E2F2,CTNNB1,0.016309304
E2F2,CYP2R1,0.242465474
E2F2,DCAF7,0.165992898
E2F2,DENR,0.113710211
E2F2,DHX30,0.227242207
E2F2,DHX9,0.440021359
E2F2,DPF2,0.366497001
E2F2,DTL,0.346608597
E2F2,DTX1,0.172668677
E2F2,EFCAB7,-0.383650411
E2F2,EPM2A,0.069453728
E2F2,FARS2,-0.492015957
E2F2,FBLN1,0.142868327
E2F2,FZD9,0.223164342
E2F2,GALNT11,0.2316212
E2F2,GCHFR,-0.643896371
E2F2,GON4L,-0.025473309
E2F2,GPR158,-0.181903373
E2F2,HAT1,-0.692124924
E2F2,HMGB2,-0.231630369
E2F2,KDM6A,0.212425394
E2F2,KIAA1143,-0.106934904
E2F2,KLHDC3,-0.001805114
E2F2,LBR,0.20887312
E2F2,LHX2,0.064937138
E2F2,LRRC4C,0.033535609
E2F2,MAPRE1,0.118797344
E2F2,MCM10,0.694054275
E2F2,MCM3,0.200626994
E2F2,MCM5,-0.031710766
E2F2,MCM7,0.382683449
E2F2,MELK,0.575786301
E2F2,METTL15,-0.129151942
E2F2,MRPL24,-0.307225721
E2F2,MRPL49,0.699183104
E2F2,MRTO4,0.307558979
E2F2,MSH3,-0.037006262
E2F2,MSH6,0.431483831
E2F2,MYC,-0.30564492
E2F2,MYOZ3,0.379660161
E2F2,MZT1,-0.34064253
E2F2,N4BP2L1,-0.066656426
E2F2,NCBP2,0.522483033
E2F2,NEK2,0.369750003
E2F2,NIPBL,0.176011955
E2F2,NKD2,-0.711566217
E2F2,NPY1R,-0.747742884
E2F2,NR2C2AP,0.255516912
E2F2,NSF,0.013066275
E2F2,NSFL1C,-0.325271114
E2F2,NUP153,-0.261067993
E2F2,NUP155,-0.051322492
E2F2,OAS2,0.042252236
E2F2,OTUD7B,0.370351408
E2F2,PABPC1,0.420314564
E2F2,PARD3,0.51761798
E2F2,PHYHIPL,0.116416262
E2F2,POLE2,0.335486029
E2F2,PPM1D,-0.631843387
E2F2,PRR14L,0.335650954
E2F2,PRRC2C,0.26307826
E2F2,PTGS2,-0.454901647
E2F2,PTMA,-0.52082387
E2F2,PXMP2,-0.717245534
E2F2,RAD51,0.312811969
E2F2,RANBP1,-0.482528463
E2F2,RASSF4,-0.121481891
E2F2,RBM22,0.245744687
E2F2,RBM28,0.119141985
E2F2,RDH16,0.184253507
E2F2,RPL29,0.327082148
E2F2,RPS6KB1,-0.249725447
E2F2,RUSC1,0.20651467
E2F2,SAP30L,0.354332972
E2F2,SDC1,-0.120136148
E2F2,SENP1,0.206485494
E2F2,SERPINE1,0.220292146
E2F2,SETD2,-0.090014339
E2F2,SHB,0.030477542
E2F2,SLC16A2,0.493010586
E2F2,SLC25A20,0.357062035
E2F2,SLC2A3,-0.423829674
E2F2,SLC39A14,-0.097074946
E2F2,SMARCE1,0.227490154
E2F2,SMC4,0.142138317
E2F2,SORL1,0.110970454
E2F2,SPRY2,0.08140952
E2F2,STAG1,0.311565282
E2F2,STK35,0.386335261
E2F2,STOML2,-0.259891067
E2F2,SUV39H1,0.234172395
E2F2,SUZ12,-0.056301355
E2F2,TACC3,-0.004601739
E2F2,TCP1,0.668490642
E2F2,TMEM53,-0.276796666
E2F2,TMPO,-0.431149777
E2F2,TRMT12,-0.035501074
E2F2,TRMT6,0.400665708
E2F2,TSPAN7,-0.148319936
E2F2,TUFT1,0.24627096
E2F2,UBE2S,0.048316923
E2F2,UTRN,0.217050716
E2F2,WNT5A,-0.062757386
E2F2,WNT9A,0.089688922
E2F2,WRAP73,-0.341754089
E2F4,AGBL5,-0.153970523
E2F4,ANLN,-0.407919392
E2F4,AP1S1,-0.263112065
E2F4,ARHGAP11A,-0.425360545
E2F4,ARID1A,0.416182241
E2F4,ARL6IP6,-0.377878933
E2F4,AURKB,-0.248321967
E2F4,BARD1,-0.142782222
E2F4,BRCA1,-0.384541607
E2F4,BRD7,-0.508433304
E2F4,BROX,-0.000546756
E2F4,BUB3,-0.56880039
E2F4,CALM1,0.408384358
E2F4,CAMK2B,0.328188592
E2F4,CAPRIN1,-0.42196957
E2F4,CBX1,0.040412281
E2F4,CDC37L1,-0.489054422
E2F4,CENPE,-0.492084171
E2F4,CENPM,-0.490873822
E2F4,CKS1B,-0.32343686
E2F4,CKS2,-0.743439915
E2F4,CLK2,0.613194479
E2F4,CLTA,-0.187700003
E2F4,CNOT10,-0.410815137
E2F4,COPS6,0.11452231
E2F4,CSE1L,-0.093495945
E2F4,CTH,-0.509725649
E2F4,CTNNB1,-0.232639219
E2F4,DEK,-0.470266588
E2F4,DHX30,-0.526788665
E2F4,DHX9,-0.238687822
E2F4,DIRAS3,-0.163891528
E2F4,E2F2,0.258675554
E2F4,EIF4H,0.033207122
E2F4,F3,-0.01023801
E2F4,FARS2,-0.11773485
E2F4,FEN1,-0.111670645
E2F4,FUS,0.404251677
E2F4,FZD9,0.414340353
E2F4,G6PD,-0.380942413
E2F4,GJB2,0.235368583
E2F4,GON4L,0.336341186
E2F4,GPANK1,-0.34745826
E2F4,GPR158,-0.455568503
E2F4,HLTF,-0.028276968
E2F4,HMMR,-0.724548733
E2F4,ITGB3BP,-0.82999025
E2F4,KDM6A,0.191141122
E2F4,KHDRBS1,0.063214895
E2F4,KIAA1143,-0.082117782
E2F4,KIF4A,-0.449753469
E2F4,MAD2L1,-0.512433697
E2F4,MAPRE1,-0.138163831
E2F4,MCM10,-0.150304286
E2F4,MCM3,-0.211540511
E2F4,MCM5,-0.287622973
E2F4,MCM6,-0.543658525
E2F4,MCM7,-0.103840255
E2F4,METTL15,-0.010005239
E2F4,MKI67,-0.098492337
E2F4,MRPL49,-0.096491366
E2F4,MRTO4,-0.41794162
E2F4,MSH3,-0.248609974
E2F4,MSH6,0.126589426
E2F4,MYC,-0.291475542
E2F4,MZT1,-0.379991912
E2F4,N4BP2L1,-0.062247131
E2F4,NCBP2,-0.287710393
E2F4,NDC80,-0.600863502
E2F4,NEK2,-0.077327527
E2F4,NR2C2AP,0.15740942
E2F4,NSFL1C,0.15437559
E2F4,NUP153,-0.09279312
E2F4,NUP155,-0.264965707
E2F4,OTUD7B,0.520387631
E2F4,PABPC1,0.221298282
E2F4,PCLAF,-0.578566765
E2F4,PLK4,-0.556411683
E2F4,PLSCR4,0.308482246
E2F4,PRC1,-0.518662477
E2F4,PRRC2C,0.316266213
E2F4,PTGS2,-0.252053427
E2F4,PTMA,-0.256279769
E2F4,PXMP2,-0.24005759
E2F4,RABIF,0.473129571
E2F4,RBM22,-0.313783145
E2F4,RBM28,-0.536170632
E2F4,RFC3,-0.414751801
E2F4,RPL23A,-0.168024074
E2F4,RPL29,-0.559610232
E2F4,RPS4X,0.210221587
E2F4,RRM1,-0.30775157
E2F4,RUSC1,0.603015532
E2F4,SAP30L,0.25559954
E2F4,SDC1,0.481067
E2F4,SENP1,-0.235782486
E2F4,SETD2,-0.360650549
E2F4,SHB,0.523589923
E2F4,SLC16A2,0.388505129
E2F4,SLC39A14,-0.339763256
E2F4,SMAD2,-0.180416815
E2F4,SMAD3,0.12611463
E2F4,SMARCA4,0.266791639
E2F4,SMARCB1,-0.17675988
E2F4,SMC2,-0.618189159
E2F4,SORL1,0.089556416
E2F4,STAG1,0.147463534
E2F4,STAM,-0.288198465
E2F4,STK35,0.196910425
E2F4,STMN1,-0.444719619
E2F4,SUPT4H1,-0.461950217
E2F4,TBL2,0.572351673
E2F4,TCP1,0.079432781
E2F4,TERT,0.237386058
E2F4,TMPO,-0.127866201
E2F4,TOP2A,-0.426693911
E2F4,TOPBP1,-0.281854152
E2F4,TRMT6,0.223806406
E2F4,TSPAN7,0.117563326
E2F4,TTK,-0.145950354
E2F4,TUFT1,0.619524964
E2F4,XPO1,-0.173436993
E2F4,XRCC6,0.096052447
E2F5,AGBL5,0.155145431
E2F5,AP1S1,0.542403283
E2F5,APIP,-0.151877098
E2F5,ARHGAP11A,-0.564228963
E2F5,ARID1A,0.023689244
E2F5,ARL6IP6,-0.439696025
E2F5,ARSJ,-0.484883936
E2F5,BAP1,0.062479102
E2F5,BMPR1B,0.420075106
E2F5,BRD7,0.145032595
E2F5,BROX,-0.450421012
E2F5,CA2,0.588024348
E2F5,CAMK2B,0.433644709
E2F5,CAPRIN1,-0.635698584
E2F5,CBX1,-0.299810032
E2F5,CENPM,0.003908148
E2F5,CHRDL1,0.088453659
E2F5,CLK2,-0.358246518
E2F5,CLTA,0.444626815
E2F5,CNOT10,0.169399265
E2F5,COPS6,0.634000664
E2F5,CSRNP1,0.39198329
E2F5,CTNNB1,-0.131599709
E2F5,CYP2R1,-0.471139236
E2F5,DENR,-0.514549644
E2F5,DHX30,0.140987519
E2F5,DHX9,0.262657831
E2F5,DTL,-0.499890496
E2F5,EFCAB7,-0.015882744
E2F5,FARS2,0.13936392
E2F5,FBLN1,0.04765162
E2F5,FUS,0.175052187
E2F5,GALNT11,-0.502010678
E2F5,GON4L,-0.527426801
E2F5,GPR158,-0.184203952
E2F5,HAT1,-0.364805068
E2F5,HMGB2,-0.334015927
E2F5,KDM6A,-0.247276287
E2F5,KIAA1143,0.016779032
E2F5,KLHDC3,-0.361783091
E2F5,LHX2,0.258818666
E2F5,LOXL2,0.055905288
E2F5,LRRC4C,-0.02408107
E2F5,MCM10,-0.023642022
E2F5,MCM3,-0.153113131
E2F5,MCM7,0.045335142
E2F5,MELK,0.200391553
E2F5,METTL15,-0.881087136
E2F5,MRPL24,0.177486171
E2F5,MRPL49,0.007952209
E2F5,MRTO4,0.44228733
E2F5,MSH3,-0.318280811
E2F5,MSH6,-0.195029302
E2F5,MYC,0.332473244
E2F5,MYOZ3,-0.266592353
E2F5,MZT1,-0.308398605
E2F5,N4BP2L1,-0.011074322
E2F5,NCBP2,0.158889068
E2F5,NIPBL,-0.262339479
E2F5,NKD2,0.223407436
E2F5,NPY1R,0.014870159
E2F5,NR2C2AP,0.740958534
E2F5,NSF,0.048161737
E2F5,NSFL1C,0.535352762
E2F5,NUP153,-0.567243327
E2F5,NUP155,-0.59713626
E2F5,OTUD7B,-0.397239153
E2F5,PABPC1,0.250231357
E2F5,PHYHIPL,-0.281468879
E2F5,PPM1D,-0.498634364
E2F5,PRR14L,-0.216960601
E2F5,PRRC2C,-0.433302097
E2F5,PTMA,0.071927229
E2F5,PXMP2,-0.133321958
E2F5,RANBP1,0.422623803
E2F5,RASSF4,0.21436594
E2F5,RBM22,-0.263034526
E2F5,RBM28,0.553105513
E2F5,RPL29,-0.065296186
E2F5,RUSC1,0.174102483
E2F5,SAP30L,-0.153446691
E2F5,SDC1,0.43344515
E2F5,SENP1,-0.461521415
E2F5,SETD2,-0.154086033
E2F5,SHB,0.340379625
E2F5,SLC16A2,0.56355074
E2F5,SLC25A20,-0.132275425
E2F5,SLC39A14,-0.181479393
E2F5,SMAD2,0.231228705
E2F5,SMAD3,-0.30920245
E2F5,SMARCE1,-0.244452174
E2F5,SMC4,-0.438871132
E2F5,SORL1,-0.521730839
E2F5,SPRY2,0.025450147
E2F5,STAG1,-0.59427602
E2F5,STK35,-0.002797151
E2F5,STMN1,-0.138685689
E2F5,STOML2,0.416978218
E2F5,SUV39H1,0.137821647
E2F5,TACC3,0.092227449
E2F5,TCP1,0.115777408
E2F5,TMEM53,0.712437375
E2F5,TMPO,-0.468056147
E2F5,TRMT6,0.661686665
E2F5,TSPAN7,0.316306643
E2F5,TUFT1,-0.203429929
E2F5,UBE2S,0.376937159
E2F5,WNT5A,-0.121521804
E2F5,WNT9A,0.575672737
E2F5,WRAP73,0.298072152
E2F5,XRCC6,0.323720306
EBF1,BOP1,-0.002623023
EBF1,CENPM,0.515947364
EBF1,DDX20,-0.601002222
EBF1,DUSP12,-0.417760063
EBF1,FCGR2B,-0.3137
EBF1,GALNT10,0.133698543
EBF1,LAGE3,0.412445803
EBF1,LIX1L,-0.209814042
EBF1,LNPEP,0.022838983
EBF1,LSM7,0.014565837
EBF1,MAP3K4,-0.17807342
EBF1,MT2A,0.309602257
EBF1,NHEJ1,-0.036964057
EBF1,PRPF6,0.103040767
EBF1,PTPN12,-0.451349931
EBF1,PTPN13,0.297701182
EBF1,R3HDM1,-0.161342765
EBF1,RCAN1,0.186365632
EBF1,RNF44,0.553950719
EBF1,RPL38,0.432418766
EBF1,SLC1A1,-0.402801299
EBF1,SLC25A37,0.422952866
EBF1,SOWAHA,-0.122407554
EBF1,SPSB2,0.195643577
EBF1,TBXA2R,0.526312959
EBF1,TCF3,0.062576326
EBF1,TSPAN1,-0.006840331
EBF1,UBXN1,0.236847063
EBF1,UCKL1,0.351697706
EBF1,UTP23,0.467624238
EBF1,XPR1,0.028040714
EBF1,ZNF143,-0.377402191
EBF1,ZNF605,0.167673864
ECHS1,ACADM,0.60776879
ECHS1,IVD,0.573509649
EGFR,ATP6AP1,0.197310122
EGFR,ATP6V1C2,0.292519895
EGFR,ATP6V1H,-0.695131179
EGFR,EGR1,0.538435124
EGFR,ESR1,-0.618821369
EGFR,FGF23,-0.075634344
EGFR,MAPK1,0.339074454
EGFR,PIK3CA,0.003668306
EGFR,PLCB1,0.556457815
EGFR,PLCB2,-0.099301972
EGFR,PTK2,-0.433878369
EGFR,TP53,0.257870822
EGFR,TSG101,-0.09502102
EGFR,YBX1,-0.576571143
EGR1,ADAR,-0.398019565
EGR1,AGAP1,0.069050301
EGR1,AIG1,-0.330609857
EGR1,ALG6,0.001002356
EGR1,ANKH,0.558492623
EGR1,ARHGEF11,-0.387456588
EGR1,ARID3B,0.717090497
EGR1,ARL6IP6,0.204709721
EGR1,ARRDC4,-0.008822101
EGR1,ASXL2,0.60761012
EGR1,ATAD2,-0.152464655
EGR1,BORA,0.54887171
EGR1,C18orf21,0.076476201
EGR1,C1orf216,0.608364436
EGR1,C1orf35,-0.58105309
EGR1,C1orf43,-0.57503242
EGR1,CALM1,-0.410775734
EGR1,CAMSAP1,0.257490967
EGR1,CAMSAP2,-0.28508657
EGR1,CCNK,0.700661809
EGR1,CCT4,-0.609592056
EGR1,CCT6A,-0.393270709
EGR1,CDK5,-0.233464266
EGR1,CENPJ,0.714488587
EGR1,CENPN,-0.014302084
EGR1,CENPQ,0.473731977
EGR1,CENPW,0.38399827
EGR1,CERS5,0.773617717
EGR1,CH25H,0.144521532
EGR1,CHCHD1,-0.562556967
EGR1,CHD1L,-0.529566221
EGR1,CHRAC1,0.256553042
EGR1,CIAO1,0.131145331
EGR1,CLK2,-0.318577499
EGR1,CNOT10,0.315093897
EGR1,CSNK1G1,0.403225067
EGR1,DCAF7,0.593830116
EGR1,DCUN1D3,0.391281664
EGR1,DHX35,0.713091189
EGR1,DKC1,0.476280835
EGR1,DLGAP5,0.444866559
EGR1,DNAH14,-0.523048475
EGR1,DNAJC2,0.179134724
EGR1,DONSON,0.37583138
EGR1,DPM3,-0.862614288
EGR1,EARS2,-0.657493283
EGR1,EGR2,0.36112001
EGR1,EIF2B1,-0.356534395
EGR1,EIF3B,0.139642291
EGR1,EIF4A3,0.325659312
EGR1,EIF4H,0.709779255
EGR1,ETV4,-0.236085965
EGR1,EXOSC1,0.005548558
EGR1,EZH1,0.403883887
EGR1,FAM168A,0.490755157
EGR1,FAM20B,-0.437423619
EGR1,FAM83H,-0.365299021
EGR1,FANCI,0.808347893
EGR1,FARS2,-0.091957888
EGR1,FAS,-0.604429534
EGR1,FGF13,-0.345138305
EGR1,FIGNL1,-0.326361215
EGR1,FNDC4,-0.060552932
EGR1,FOSB,0.72731182
EGR1,FOXK1,0.269931862
EGR1,GAS5,-0.200395104
EGR1,GGCT,-0.017124736
EGR1,GLYAT,-0.555455079
EGR1,GM2A,0.219481427
EGR1,GNS,0.333398667
EGR1,GREM2,-0.349863808
EGR1,HACE1,0.351064157
EGR1,HMGCL,-0.521708039
EGR1,HNRNPL,0.298758999
EGR1,HSPA4,0.030131659
EGR1,IGF2BP3,-0.00572722
EGR1,INTS4,0.488034437
EGR1,ITGB3BP,0.066546962
EGR1,JRKL,0.5701824
EGR1,KCNN2,-0.069710635
EGR1,KDM1A,0.136602747
EGR1,KHDRBS1,0.433424062
EGR1,KIF2A,0.469543445
EGR1,KIFC1,-0.069086638
EGR1,LAGE3,-0.061999154
EGR1,LCMT1,0.581776306
EGR1,LONP2,-0.034376446
EGR1,LSM14B,0.702097721
EGR1,LY6E,0.441786888
EGR1,MAN1C1,0.32424765
EGR1,MAP3K1,0.484848629
EGR1,MAP3K4,0.295505492
EGR1,MAZ,0.376573601
EGR1,MDC1,0.427483859
EGR1,METTL15,-0.323402389
EGR1,METTL5,-0.120083756
EGR1,MND1,0.169294447
EGR1,MRPL23,-0.097243784
EGR1,MRPL49,-0.026611044
EGR1,MRPL51,-0.045354119
EGR1,MRPL55,-0.714311891
EGR1,MSH6,0.646362395
EGR1,MSTO1,-0.009248146
EGR1,MZT1,0.111365122
EGR1,NCAPD2,0.706635974
EGR1,NIPAL3,0.533776621
EGR1,NME1,-0.06511714
EGR1,NOSIP,0.590134484
EGR1,NRBP1,-0.173380937
EGR1,NRF1,0.368793929
EGR1,NSFL1C,-0.198760045
EGR1,OGG1,-0.357631556
EGR1,PABPC1,-0.109246236
EGR1,PAXIP1,0.246378499
EGR1,PCDH9,0.357858237
EGR1,PDCD11,-0.105905505
EGR1,PGP,-0.116099766
EGR1,PHF6,-0.136720131
EGR1,PLOD3,0.031718033
EGR1,PODXL,-0.002421616
EGR1,POLA1,0.59454059
EGR1,POLD1,0.33171739
EGR1,PRDM15,0.537967011
EGR1,PTGS2,0.384078228
EGR1,PUF60,-0.371261428
EGR1,QSER1,0.331763455
EGR1,RAB20,0.13943623
EGR1,RAD21,-0.124014184
EGR1,RANBP1,-0.28920991
EGR1,RBBP7,0.150405153
EGR1,RBM28,0.630205482
EGR1,RBMX,0.5237918
EGR1,RCAN1,-0.052689111
EGR1,RCC2,0.895078456
EGR1,RHOD,0.045326716
EGR1,RPIA,0.700941596
EGR1,RPL18,0.753920714
EGR1,RPL9,0.333597077
EGR1,RPS2,0.368052278
EGR1,RUFY1,0.08589152
EGR1,SASS6,0.548668036
EGR1,SATB2,0.061775724
EGR1,SCARB2,-0.292298823
EGR1,SCGB3A1,-0.705632703
EGR1,SERPINE1,0.393046525
EGR1,SHBG,0.15080326
EGR1,SLC25A6,0.23553344
EGR1,SLC27A2,-0.423042191
EGR1,SLC36A1,0.432953076
EGR1,SLC39A10,0.031370952
EGR1,SLC5A5,0.125173054
EGR1,SLC7A8,0.476267979
EGR1,SLC9A9,0.397135253
EGR1,SLCO4C1,0.465877632
EGR1,SNX27,0.006861899
EGR1,SNX30,0.581191515
EGR1,SOCS7,0.458071365
EGR1,SQLE,-0.277336471
EGR1,SRD5A1,-0.319372708
EGR1,SRXN1,-0.442256101
EGR1,STK25,0.533059109
EGR1,STRBP,0.332342074
EGR1,TBC1D13,0.218403755
EGR1,TBL2,0.328356748
EGR1,TBXA2R,-0.056283349
EGR1,TCFL5,-0.662406337
EGR1,TCP1,0.043004421
EGR1,TFPI2,0.243580419
EGR1,TIGD1,0.199386549
EGR1,TIGD2,-0.378204096
EGR1,TMPO,0.187406136
EGR1,TMSB10,0.657164773
EGR1,TNF,0.336665195
EGR1,TRIM10,0.299323569
EGR1,TRIM15,0.670754775
EGR1,TRMT6,0.016015562
EGR1,TRRAP,0.606401557
EGR1,TSPYL1,0.195546462
EGR1,TTL,-0.270834644
EGR1,TTPAL,0.015839225
EGR1,TUBA1B,0.521661242
EGR1,TXNL4A,0.269859246
EGR1,UBA2,0.4259165
EGR1,UBE2I,0.3811522
EGR1,UBE2N,0.277491365
EGR1,UBE2Z,0.826865465
EGR1,UBQLN4,-0.25151608
EGR1,UBTF,-0.15269977
EGR1,UBXN1,0.721270488
EGR1,UBXN2B,-0.524856467
EGR1,UNKL,-0.656993588
EGR1,USP31,-0.154750149
EGR1,USP43,0.053041258
EGR1,VPS13B,-0.467230877
EGR1,WRNIP1,0.51564584
EGR1,XPO5,0.381946689
EGR1,XPOT,0.307838992
EGR1,YBX1,0.058445848
EGR1,YEATS2,0.685727356
EGR1,ZDHHC16,0.417242373
EGR1,ZFP36,0.683183317
EGR1,ZFP62,-0.171201999
EGR1,ZHX1,-0.53305472
EGR1,ZNF189,0.273756411
EGR1,ZNF280C,0.166000361
EGR1,ZNF3,-0.083145885
EGR1,ZNF322,0.090329271
EGR1,ZNF398,0.051279531
EGR1,ZNF445,-0.326943511
EGR1,ZNF706,-0.555394642
EGR1,ZNF740,0.20453743
EGR2,AGAP1,-0.656662793
EGR2,AGAP3,0.255286689
EGR2,ANKH,0.265496404
EGR2,AP1S1,0.136369314
EGR2,ARID4B,0.546218849
EGR2,BROX,0.045143994
EGR2,C12orf75,-0.007543234
EGR2,CCDC124,-0.265498203
EGR2,CDYL,0.370789275
EGR2,CEP70,0.30813147
EGR2,CKAP5,-0.129146847
EGR2,COLEC12,-0.250985921
EGR2,CSNK1G1,0.338652589
EGR2,CYP39A1,0.131411963
EGR2,DDX20,0.073115599
EGR2,EIF3B,-0.624643166
EGR2,ERGIC3,-0.164914735
EGR2,F3,0.241415803
EGR2,FAS,0.033979367
EGR2,KCNN2,0.023748657
EGR2,KIF2C,0.242055907
EGR2,LRRC42,0.53223883
EGR2,LSM2,-0.175175383
EGR2,MASTL,0.68603808
EGR2,MATR3,0.676578073
EGR2,MAZ,-0.45512242
EGR2,MID1,0.03845913
EGR2,MORC2,-0.710632302
EGR2,MRPL34,0.075476446
EGR2,MTCH1,-0.039161896
EGR2,NDUFA4L2,-0.544513519
EGR2,NKIRAS2,-0.242865824
EGR2,NTN4,0.223452808
EGR2,PABPC1,-0.747135335
EGR2,PABPC4,-0.136485631
EGR2,PAFAH1B3,-0.283689341
EGR2,PPOX,-0.694856006
EGR2,PRKAR2B,0.53760397
EGR2,PRPF3,-0.01997569
EGR2,PRR14L,-0.258259124
EGR2,PTGS2,0.394097102
EGR2,PTPN3,-0.070168352
EGR2,RNASEH2A,-0.344473521
EGR2,SF3B4,-0.85029919
EGR2,SFT2D2,0.598911616
EGR2,SLC25A39,-0.465416506
EGR2,SOCS2,0.126272821
EGR2,SORT1,-0.189723523
EGR2,SPNS1,-0.532624592
EGR2,STAMBP,0.21865184
EGR2,TDRKH,-0.38829155
EGR2,THOC6,-0.231331147
EGR2,TLCD1,-0.579723666
EGR2,TRMT112,0.152346654
EGR2,UBE2Z,0.268019232
EGR2,UBTF,-0.483148869
EGR2,USP1,0.785420358
EGR2,XPR1,-0.534787753
EGR2,ZSWIM6,0.594733556
EGR3,AGAP1,-0.351660583
EGR3,AGAP3,-0.180111265
EGR3,AHCTF1,-0.789450169
EGR3,AP1S1,0.454990392
EGR3,ARID4B,-0.291281652
EGR3,BROX,-0.63855504
EGR3,C12orf75,0.420896103
EGR3,CALM1,-0.485693898
EGR3,CAMSAP2,-0.476030214
EGR3,CCDC124,0.056800942
EGR3,CDYL,0.166134199
EGR3,CEP70,-0.154402971
EGR3,CHKA,-0.142086332
EGR3,CKAP5,0.269747736
EGR3,COLEC12,0.283904662
EGR3,CSNK1G1,0.025154471
EGR3,CYP39A1,-0.464697144
EGR3,DCAF11,-0.181824352
EGR3,DNAJC14,0.097601088
EGR3,ERGIC3,0.035167692
EGR3,EZH1,0.254124776
EGR3,FAM20B,-0.770968946
EGR3,FAM83H,-0.619927577
EGR3,FKBP1A,0.360238813
EGR3,FREM2,0.377382957
EGR3,FSD1L,-0.195913554
EGR3,HNRNPL,-0.039198742
EGR3,HNRNPU,-0.118334031
EGR3,IFFO1,0.09055671
EGR3,KCNN2,-0.141360278
EGR3,KDM5B,-0.519399139
EGR3,KIF2C,0.317945126
EGR3,LRRC42,0.390695631
EGR3,LSM2,0.110575582
EGR3,LYVE1,-0.094218447
EGR3,MASTL,0.494254042
EGR3,MATR3,0.008469025
EGR3,MAZ,-0.011073285
EGR3,MID1,-0.558232758
EGR3,MLLT6,0.001119915
EGR3,MORC2,-0.310408369
EGR3,MRPL34,-0.169658661
EGR3,MTCH1,0.370238497
EGR3,NDUFA4L2,-0.302852203
EGR3,NKIRAS2,0.047463481
EGR3,NR2C2,0.216093906
EGR3,NSF,-0.091656062
EGR3,NTN4,-0.188512393
EGR3,PABPC1,-0.194509871
EGR3,PAFAH1B3,-0.012974764
EGR3,PGP,0.076951268
EGR3,PITPNM3,-0.562975623
EGR3,PPOX,-0.323421187
EGR3,PRKAR2B,0.836067123
EGR3,PRPF3,-0.371310688
EGR3,PRR14L,-0.128413978
EGR3,PTPN3,-0.109016058
EGR3,PURA,-0.309141962
EGR3,RANBP1,0.094859894
EGR3,RBBP7,0.352136958
EGR3,RNASEH2A,0.161316298
EGR3,SF3B4,-0.314888116
EGR3,SFT2D2,0.190826146
EGR3,SNX27,-0.351344358
EGR3,SNX30,0.487099395
EGR3,SOCS2,0.211435463
EGR3,SORT1,-0.47800036
EGR3,SPINT2,0.724422624
EGR3,SPNS1,-0.109436101
EGR3,STAMBP,0.334398368
EGR3,TAF5,0.18220495
EGR3,TDRKH,-0.098548685
EGR3,THOC2,0.162023886
EGR3,THOC6,-0.06581974
EGR3,TLCD1,0.012109887
EGR3,UBAP2L,-0.429542253
EGR3,UBE2Z,0.681740624
EGR3,UBTF,-0.246703324
EGR3,USP39,0.536103673
EGR3,USP43,0.221406406
EGR3,XPR1,-0.814248448
EGR3,ZNF706,-0.186078914
EGR3,ZSWIM5,0.247447354
EGR3,ZSWIM6,0.610783889
EHD3,RBSN,-0.209997046
EHHADH,ACAT1,-0.30537546
EHHADH,IVD,0.733364471
ELAVL1,ATF5,0.51179987
ELAVL1,TRAF5,-0.28232425
ELAVL1,ZFP36,-0.234616426
ELK1,ACTB,0.747258547
ELK1,ACTG1,0.563472416
ELK1,ACTG2,0.550692808
ELK1,AP3B1,-0.207785626
ELK1,AP5M1,-0.181590284
ELK1,ARF1,0.097643829
ELK1,ARID2,-0.008992709
ELK1,ASXL2,0.311762608
ELK1,BANF1,0.210460328
ELK1,BLM,0.10250604
ELK1,BROX,-0.759549263
ELK1,C17orf58,-0.495802366
ELK1,CBLN2,-0.092634688
ELK1,CDCA8,0.23269738
ELK1,CIDEB,-0.408907984
ELK1,COMMD5,0.233411611
ELK1,COPA,0.072032767
ELK1,CPSF3,-0.35790629
ELK1,CSPP1,-0.060052436
ELK1,DAP3,-0.09126779
ELK1,DDX55,-0.387573082
ELK1,DHX30,-0.123932529
ELK1,DISP1,-0.684681858
ELK1,DNAJC2,-0.442393194
ELK1,DNAJC7,0.145484266
ELK1,DPCD,0.481866616
ELK1,EGR1,0.384009403
ELK1,EIF2AK1,0.391308751
ELK1,EIF3G,-0.346366647
ELK1,EMG1,-0.634826356
ELK1,EPB41L4A,0.585426672
ELK1,EPHA2,0.521644523
ELK1,ERCC3,0.02238562
ELK1,EXOSC10,-0.140773181
ELK1,FAM168B,0.540677309
ELK1,FANCI,0.133839536
ELK1,FBXL18,0.203544545
ELK1,FBXW2,0.406763267
ELK1,FOS,-0.06840373
ELK1,FUT4,0.317248813
ELK1,FZD4,0.368916076
ELK1,GPANK1,-0.257742859
ELK1,HEATR1,-0.193364341
ELK1,ITGB3BP,-0.605246358
ELK1,ITPA,0.06309306
ELK1,KBTBD4,0.080080906
ELK1,KCND3,0.057005914
ELK1,KCNN2,0.310901917
ELK1,KIF4A,0.14252725
ELK1,KLHDC3,0.102300486
ELK1,LASP1,0.651580122
ELK1,LRRC4C,0.66537835
ELK1,LZIC,-0.601140167
ELK1,MCM10,0.219661362
ELK1,MDM4,-0.114157735
ELK1,MEA1,0.076715872
ELK1,MECOM,0.363090379
ELK1,MLEC,0.481590282
ELK1,MSH3,-0.771289554
ELK1,MTBP,-0.095557088
ELK1,MTIF2,-0.410744442
ELK1,MYC,-0.218540735
ELK1,NOL7,0.078660182
ELK1,NUP155,-0.75260055
ELK1,OGG1,-0.074450945
ELK1,OSTF1,0.183264183
ELK1,OTUD7B,-0.052399774
ELK1,PARD3,0.046593094
ELK1,POLA1,0.530103412
ELK1,PPOX,-0.07401319
ELK1,PRCP,0.342946761
ELK1,PRPF19,0.165283133
ELK1,PUF60,0.048746297
ELK1,RABIF,0.228200276
ELK1,RAC1,0.594965111
ELK1,RALA,0.038783284
ELK1,RBM22,-0.016061475
ELK1,RBP5,-0.242744627
ELK1,RNF150,0.700663634
ELK1,RNPS1,0.402813027
ELK1,SEC24C,0.525976908
ELK1,SENP1,0.239403873
ELK1,SERPINI1,-0.09097781
ELK1,SETDB1,0.014579174
ELK1,SF3B2,0.197468596
ELK1,SFR1,-0.480856732
ELK1,SLBP,0.179170034
ELK1,SLC25A20,0.105445749
ELK1,SMG8,-0.226831647
ELK1,SNX12,0.374454688
ELK1,THOC6,-0.265978667
ELK1,TMEM68,-0.588639776
ELK1,TNF,0.352794425
ELK1,TRIM15,0.808229344
ELK1,TRRAP,0.233919985
ELK1,UBE2I,0.199036433
ELK1,UBE2J2,0.004938043
ELK1,UGGT1,0.106367357
ELK1,ZFP36,0.117025273
ELK1,ZNF322,-0.194459073
ELK1,ZNF623,0.024401626
ELK1,ZSCAN29,0.105770229
ELK4,ELK1,-0.519969466
ELK4,FOS,-0.054976973
ELK4,NR2C2,0.249656592
ENAH,ACTB,0.243848821
ENAH,E2F2,0.27219635
EP400,TRRAP,0.738631414
EPHA2,ATF2,-0.053612327
EPHA2,PLCB1,-0.063980676
EPHA2,TCF3,0.078392478
EPHX2,CYP2B6,0.207400373
ERCC3,GTF2H4,-0.262394683
ERCC3,MNAT1,0.202085086
ESR1,APBB3,0.705885183
ESR1,ASPA,0.602952697
ESR1,ATAD2,0.119792334
ESR1,BRCA1,0.538426692
ESR1,C3,0.006276056
ESR1,CALM1,-0.099106486
ESR1,CDK5,0.298437046
ESR1,CDKL5,-0.393513366
ESR1,CILP,-0.299530323
ESR1,CRHBP,0.165741986
ESR1,CUL4B,0.273287427
ESR1,DNMT3A,-0.937508428
ESR1,EEF1G,-0.547669293
ESR1,EGR2,-0.024071185
ESR1,HSPA4,-0.607602835
ESR1,HSPB1,-0.291752761
ESR1,IFNAR1,0.20827565
ESR1,IL10,-0.42566426
ESR1,ITGB3BP,0.16819445
ESR1,ITGB8,-0.562830007
ESR1,LTF,-0.47709295
ESR1,MDK,-0.066506205
ESR1,MICB,0.01152012
ESR1,MID1,0.59003119
ESR1,MMS19,-0.58031839
ESR1,MNAT1,0.692019709
ESR1,MRPL43,-0.425347917
ESR1,NCOA6,-0.202746483
ESR1,NDRG2,0.074450358
ESR1,NQO1,0.410563748
ESR1,NR1H4,-0.224382628
ESR1,NRF1,-0.31172746
ESR1,PIAS1,-0.179554898
ESR1,POU2F1,0.306290001
ESR1,PRPF6,0.249484867
ESR1,PTMA,0.006247062
ESR1,PTPRG,0.427625278
ESR1,REXO4,-0.53359597
ESR1,SAFB2,-0.380276575
ESR1,SATB2,0.468330447
ESR1,SERPINE1,-0.009031629
ESR1,SLCO2B1,-0.54300094
ESR1,SLCO4C1,-0.790816795
ESR1,SMARCA2,-0.013104936
ESR1,SMARCA4,-0.500286719
ESR1,SMARCC2,-0.368418802
ESR1,SMG5,-0.334487493
ESR1,STMN1,-0.593823555
ESR1,TCF3,-0.775514955
ESR1,TERT,0.312785935
ESR1,TRIM24,-0.353669213
ESR1,TRRAP,-0.423599917
ESR1,TSPAN7,-0.644298718
ESR1,TUBA1B,-0.754839296
ESR1,UBE2I,-0.223866076
ESR1,UBQLN4,-0.079408216
ESR1,UTP18,0.25413829
ESR1,ZMYM3,-0.530535844
ESR1,ZNF398,-0.538208551
ETS2,BRCA1,-0.44558246
ETS2,CD163,0.592545064
ETS2,CD4,0.205557886
ETS2,EGR1,0.54056158
ETS2,ETV4,-0.373843695
ETS2,MMP9,0.496741507
ETS2,POU2F1,-0.080153527
ETS2,SMARCA4,-0.155398649
ETS2,VWF,0.252245035
ETV4,APOH,0.078116629
ETV4,BCHE,-0.438697908
ETV4,CETP,-0.161975678
ETV4,F9,0.105812316
ETV4,GJB2,-0.45994076
ETV4,LOX,-0.16256717
ETV4,MEP1B,-0.036453516
ETV4,MMP12,-0.618250654
ETV4,MMP9,-0.77743913
ETV4,NR3C2,-0.479881181
ETV4,OAS2,-0.558534683
ETV4,PCSK6,0.516403629
ETV4,PTGS2,-0.663295954
ETV4,TCF3,-0.190119596
ETV4,TNF,-0.47366313
EXOC2,EXOC4,0.176286216
EXOC2,RALA,0.220219763
EZH1,ZMYND11,0.092287081
EZH2,ADAMTS1,-0.00644659
EZH2,AXL,0.207416181
EZH2,KPNB1,0.735452351
EZH2,RPLP0,0.80405391
EZH2,SUZ12,0.572262194
EZH2,ZMYND11,-0.204599121
FANCC,E2F4,-0.086135165
FANCC,EGR1,0.56460482
FANCC,FANCI,0.804493778
FANCD2,BRCA1,0.059112194
FANCD2,MYC,-0.280602761
FANCD2,RAD51,0.629632186
FANCF,E2F2,0.266564312
FANCF,E2F4,0.270956915
FANCF,FANCI,0.536541734
FANCF,MYC,-0.709627958
FANCG,E2F2,0.498020793
FANCG,E2F4,-0.062342558
FANCG,E2F5,0.060494225
FANCG,FANCI,0.801317432
FCER1A,FYN,0.274645014
FDPS,GGPS1,0.129662168
FDPS,HRAS,0.501900056
FGFR4,MYC,-0.511042809
FGFR4,TCF3,0.573396867
FOLH1,ASPA,-0.465332946
FOS,ABHD2,0.41187219
FOS,ANXA3,-0.265408977
FOS,AQP1,-0.222506941
FOS,ARID1B,0.396611224
FOS,ASAP2,-0.483561274
FOS,ATF2,0.145639258
FOS,BHLHE40,0.162742337
FOS,BRCA1,-0.026322879
FOS,BRD8,0.071599934
FOS,C6orf62,0.260937568
FOS,CAP2,-0.492402006
FOS,CCL2,-0.153162987
FOS,CDK5,-0.118911862
FOS,CHCHD2,-0.143950412
FOS,CHST4,-0.456835436
FOS,CKS1B,-0.187273145
FOS,CSNK2A1,-0.209731257
FOS,DNAJC6,-0.31419025
FOS,DNASE1L3,-0.213374837
FOS,DOCK5,0.411490741
FOS,DPCD,-0.161854071
FOS,EEF1D,0.078188717
FOS,EGR1,0.802240528
FOS,EGR2,0.582647688
FOS,ESR1,-0.125887981
FOS,ETFDH,-0.44621524
FOS,ETS2,0.605844454
FOS,ETV4,-0.153683087
FOS,F3,-0.057031036
FOS,FAF1,0.371571613
FOS,FAM83H,-0.621643521
FOS,FAS,-0.352814335
FOS,FXYD2,-0.316835214
FOS,GABARAPL1,0.015049476
FOS,GPATCH1,0.426438206
FOS,GTF2IRD1,-0.584072904
FOS,HSPB1,-0.130726336
FOS,INPP5A,0.118803542
FOS,ITGA2,0.058218694
FOS,KCNN2,-0.331260414
FOS,KCNN3,-0.133415697
FOS,KIF14,0.46925185
FOS,KIF20A,0.117904931
FOS,LAMC1,-0.299975306
FOS,LIFR,-0.249967924
FOS,MAP2,-0.31807773
FOS,MDC1,0.191263393
FOS,MICAL2,-0.560887617
FOS,MID1,-0.073973661
FOS,MMP9,0.410605157
FOS,MYC,0.015276806
FOS,NCOA6,0.359639423
FOS,NDRG1,-0.167701644
FOS,NEK2,0.076837447
FOS,NQO1,-0.200179635
FOS,PCDHGA4,-0.191809872
FOS,PCSK6,0.16190513
FOS,POU2F1,0.452023578
FOS,PTGS2,0.35900764
FOS,PTH1R,-0.253255591
FOS,PTPN3,-0.009290675
FOS,QSER1,0.23909219
FOS,RBBP7,-0.071373642
FOS,REPIN1,-0.026542966
FOS,S100A8,-0.05901178
FOS,S100P,0.039866221
FOS,SEMA3F,0.218287372
FOS,SLC41A3,0.291741111
FOS,SMAD3,-0.059948815
FOS,SMARCA2,-0.055741187
FOS,SMARCA4,0.123912592
FOS,SMARCB1,-0.114098249
FOS,SMARCD1,-0.07712863
FOS,SPRR1A,-0.446738204
FOS,SRXN1,-0.503217241
FOS,STK3,-0.822464772
FOS,TCEA2,-0.079614031
FOS,TCF3,0.435332984
FOS,TFPI2,0.140638938
FOS,THOC6,0.038509189
FOS,TNF,0.274158801
FOS,TPPP2,-0.3473906
FOS,TSPAN1,0.034821418
FOS,WASF2,0.373313342
FOS,ZFP36,0.845667056
FOS,ZFYVE26,-0.125579636
FOS,ZG16,0.1289883
FOS,ZNF532,0.458470845
FOSB,ADRA1B,-0.359528907
FOSB,ANK3,-0.034802299
FOSB,ANXA10,-0.108052887
FOSB,ANXA3,0.099178289
FOSB,AQP1,0.267582477
FOSB,ASAP2,-0.428637322
FOSB,BHLHE40,-0.263814664
FOSB,BRD8,0.471991956
FOSB,C6orf62,0.57690303
FOSB,CHST4,0.192927848
FOSB,CSRNP1,0.383416518
FOSB,CXCL14,0.08213074
FOSB,DUS4L,-0.668380723
FOSB,EFTUD2,0.131084191
FOSB,F3,-0.051750651
FOSB,FAF1,0.185825333
FOSB,FAM83H,-0.102827354
FOSB,FTL,0.061825733
FOSB,GABARAPL1,-0.431150446
FOSB,KAT7,0.615263456
FOSB,KCNMB2,-0.170591604
FOSB,KCNN2,-0.267386515
FOSB,KCNN3,0.444284671
FOSB,KIF14,0.634354918
FOSB,MAP2,-0.298897501
FOSB,MDC1,0.647916574
FOSB,MICAL2,-0.472658063
FOSB,MMP9,-0.046564103
FOSB,NUAK1,0.055437273
FOSB,PCDHGA4,0.295031476
FOSB,PCSK6,0.066689694
FOSB,PRKAR2A,0.206986237
FOSB,PRSS53,-0.112059069
FOSB,PSMG3,-0.120352422
FOSB,PTH1R,-0.065784978
FOSB,QSER1,0.566055614
FOSB,RBBP7,-0.289789219
FOSB,RPP40,-0.372674601
FOSB,S100A8,-0.505135665
FOSB,SEMA3F,0.616102177
FOSB,SERPINE1,0.163177275
FOSB,SLC34A2,-0.110696231
FOSB,SPRR1A,-0.615067009
FOSB,SRPK2,-0.296347789
FOSB,SRXN1,-0.540652434
FOSB,STK3,-0.734578797
FOSB,STOML2,-0.493473839
FOSB,TAF4,0.60238213
FOSB,TCEA2,-0.134899008
FOSB,TCF3,0.731055775
FOSB,TFPI2,0.068143394
FOSB,TPD52L2,0.717748697
FOSB,TPPP2,-0.516109436
FOSB,TSPAN1,-0.233669993
FOSB,ZFP36,0.329041256
FOSB,ZNF532,0.166851108
FRMD6,EGR1,0.372500838
FRMD6,EGR2,0.364355574
FRMD6,EGR3,0.329993553
FRMD6,STK3,-0.626553177
FTCD,AMDHD1,-0.050131688
FTCD,MTHFD1,0.249547255
FTCD,MTHFD1L,-0.393961073
FUBP1,PUF60,-0.146074855
FUS,PTBP1,0.441436509
FYN,HNRNPK,0.083222893
FYN,KHDRBS1,-0.266034198
FZD1,CTNNB1,-0.595344317
FZD1,DVL1,-0.571269152
FZD1,TCF3,0.753798336
FZD10,LRP5,-0.005037052
FZD2,CTNNB1,0.007212641
FZD2,DVL1,0.282198352
FZD2,POU2F1,-0.092280645
FZD3,EGR2,0.716536981
FZD4,CTNNB1,-0.023804855
FZD4,DVL1,0.085082419
FZD4,POU2F1,-0.207509587
FZD5,CTNNB1,-0.356952351
FZD5,DVL1,-0.085882505
FZD5,EGR1,0.384360923
FZD6,CTNNB1,0.580227442
FZD6,DVL1,0.233917614
FZD9,CTNNB1,-0.500280678
FZD9,DVL1,-0.132089565
FZD9,EGR2,-0.715879608
FZD9,EGR3,-0.113849301
FZD9,MYC,0.035600209
GAB1,MET,-0.067371708
GAB1,SHC1,-0.518852435
GAB1,SHC3,-0.155576366
GADD45A,E2F4,-0.157434775
GADD45A,ESR1,0.732701611
GADD45A,MAP3K4,-0.674000297
GADD45A,NPM1,0.004808069
GADD45A,PCNA,-0.004453583
GADD45B,ESR1,-0.088710478
GADD45B,FOSB,0.558277407
GADD45B,MAP3K4,-0.272759001
GADD45B,PCNA,0.010574957
GADD45B,SMAD3,-0.46979483
GADD45G,CDK1,-0.486154102
GADD45G,ESR1,0.452609248
GADD45G,MAP3K4,-0.754953234
GADD45G,PCNA,-0.079415906
GCH1,E2F2,-0.385567948
GCH1,E2F5,-0.172523068
GCH1,NFYC,-0.156164467
GDF5,BMPR1A,0.379340424
GGPS1,E2F2,-0.176047719
GGPS1,E2F4,0.0223643
GGPS1,EGR1,-0.788482485
GLS2,GLUL,-0.835868785
GLUD2,GLUL,0.459670065
GLUD2,NIT2,0.487909064
GMPS,TPMT,-0.312908622
GNA14,PLCB1,0.133367173
GNB1,EGR2,0.127273402
GPHN,EGR1,-0.457544722
GRB2,DTX1,0.717118475
GRB2,EGFR,0.694178873
GRB2,EGR1,0.743345336
GRB2,ELK1,0.332899125
GRB2,EPHA2,-0.062774345
GRB2,ESR1,-0.845334005
GRB2,FGFR4,0.455100244
GRB2,IGF1R,0.188637766
GRB2,KHDRBS1,0.28620539
GRB2,MAPK1,0.101486491
GRB2,MET,-0.551674598
GRB2,NGFR,0.140832709
GRB2,NPM1,0.280096557
GRB2,PDGFRA,0.433797172
GRB2,SHC3,-0.748196094
GRB2,SHC4,-0.308262269
GSK3B,CREB3L4,-0.277687987
GSK3B,FRAT1,0.290050204
GSK3B,NFYC,0.539668659
GSK3B,PARD3,0.570632133
GSTA4,MYC,-0.581326302
GSTM4,EGR1,0.178857132
GSTM4,TLE1,0.188988801
GTF2IRD1,EXOSC4,0.453083954
HAO1,PGP,0.41164664
HAO2,CAT,0.001166404
HAO2,PGP,-0.395668582
HAX1,ABCB4,0.110005998
HAX1,EIF3F,-0.338554105
HDAC2,BUB3,0.607445053
HDAC2,CCL2,-0.6767754
HDAC2,CD1D,-0.350419536
HDAC2,CDC20,0.230092412
HDAC2,CDYL,-0.022644891
HDAC2,CSNK2A1,-0.348978148
HDAC2,DDX20,-0.012001067
HDAC2,FOS,0.378368322
HDAC2,HIF1AN,0.027557303
HDAC2,MECOM,0.210980032
HDAC2,MYC,-0.33521258
HDAC2,PA2G4,-0.320124098
HDAC2,PTMA,-0.141991972
HDAC2,SETDB1,-0.402823748
HDAC2,SNW1,0.104183159
HDAC2,SUV39H1,-0.314248486
HDAC2,TOP2A,0.383541598
HDAC4,IL10,-0.190778607
HDAC4,POU2F1,-0.262362259
HDAC4,PTGS2,-0.10250972
HDAC4,RUVBL2,0.095073908
HDAC6,EGR1,-0.45017175
HDAC6,TARDBP,-0.417947148
HDGF,FAS,-0.233626604
HGF,EGFR,0.379476721
HGF,MET,-0.256975421
HGS,TSG101,0.212714678
HK3,BAX,0.453879625
HKDC1,BAX,-0.119831736
HLA-A,HLA-B,0.759449933
HLA-A,HLA-C,0.780970592
HLTF,EEF1G,0.539457889
HLTF,HERC2,-0.044919417
HMGA1,IL1B,-0.212161122
HMGA1,PTGS2,0.373793451
HMGA1,RNF4,0.774324447
HMGA1,SLC2A3,-0.011813787
HMGB2,SET,0.787932765
HMGB2,TNF,0.218744916
HNRNPK,HNRNPL,0.597777532
HNRNPK,RBM42,-0.007084255
HNRNPK,UBE2I,0.34486198
HOMER2,MYC,0.702815306
HRAS,CAMK1,0.588168943
HRAS,CAMK2B,0.335140888
HRAS,EBF1,0.493557833
HRAS,EGFR,0.292828534
HRAS,EGR1,0.192606504
HRAS,FOS,-0.024337201
HRAS,IGF1R,0.618245993
HRAS,MAPK1,-0.544678949
HRAS,MAZ,0.606072973
HRAS,MET,-0.366170624
HRAS,MYC,0.022849386
HRAS,PDPK1,0.293836285
HRAS,PIK3CA,0.114430544
HRAS,PIK3CB,-0.242462039
HRAS,PIK3CD,-0.195444082
HRAS,PIK3R1,0.107550174
HRAS,PIK3R3,-0.232318175
HRAS,TP53,-0.059244963
HRAS,TPM3,0.348605962
HRAS,TPR,0.32071391
HSF2,A2MP1,-0.139003585
HSF2,ATOH8,-0.09057026
HSF2,BMPR1B,-0.149555066
HSF2,CCT3,-0.42828074
HSF2,CCT4,0.071363388
HSF2,GDI1,-0.651951297
HSF2,HNRNPA1,-0.102904977
HSF2,HSPA4,-0.199098939
HSF2,KIN,0.480484117
HSF2,KNTC1,0.428024444
HSF2,KRTAP13-1,0.026023367
HSF2,MDC1,-0.150837134
HSF2,NCAPD2,-0.43373505
HSF2,NCAPG,0.183680055
HSF2,NOSIP,0.132243493
HSF2,NR2C2,0.686732645
HSF2,NUTF2,-0.41620304
HSF2,PTGES3,0.085149568
HSF2,SMG8,-0.290622175
HSF2,SNRNP40,-0.140592098
HSF2,ST3GAL6,0.033946658
HSF2,SUCLG2,-0.506144187
HSF2,TRMT12,-0.53982053
HSF2,UBE2I,-0.621507113
HSF2,YEATS2,0.22860007
HSF2,ZMAT2,-0.498938963
HSP90AA1,EGR1,0.050926359
HSP90AA1,ESR1,-0.057127563
HSP90AA1,MYC,-0.117954562
HSP90AB1,ATF2,-0.600161195
HSP90AB1,EGR1,-0.040200956
HSP90AB1,ESR1,0.00552032
HSP90AB1,FOS,-0.227161372
HSP90AB1,FOSB,0.087540558
HSP90AB1,MYC,0.403088228
HTATSF1,FEZ1,0.1093214
IGF1,DCN,0.262462653
IGF1,EGFR,0.597397
IGF1,ESR1,-0.599859538
IGF1,GSK3B,0.037819739
IGF1,HDAC2,-0.148654195
IGF1,IGF1R,0.208654868
IGF1,MAPK1,0.116392583
IGF1,MAPK3,-0.019326951
IGF1R,CTNNB1,-0.436768859
IGF1R,E2F2,-0.406644081
IGF1R,E2F4,0.541700589
IGF1R,ESR1,-0.057057276
IGF1R,MYC,0.018149159
IGF1R,PLCB1,-0.072319495
IGFBP3,DNMT3A,0.671609728
IL1RAP,MYD88,0.433713022
ILF2,EEF1G,-0.391375599
ILF2,ILF3,0.249353277
ILF3,BHLHE40,-0.361732462
ILF3,BIRC5,0.565389798
ILF3,DHX9,-0.369162563
ILF3,FUS,0.357985964
ILF3,NDRG1,0.408956011
ILF3,XPO5,0.11488067
IMPDH2,EGR1,0.479384103
IMPDH2,MYC,0.008514696
IMPDH2,TCF3,0.769252786
IMPDH2,TPMT,-0.601825741
ITGA2,ESR1,-0.114715157
JDP2,SNW1,0.657589783
KAT7,CEP70,-0.198450688
KAT7,RPS10,0.560928004
KAT7,SNAPIN,-0.767050046
KDM3B,ACTL6B,-0.211955502
KEAP1,EGR1,-0.172413911
KEAP1,NFE2L2,0.22085779
KHDRBS1,DHX9,-0.210929415
KHDRBS1,EMG1,-0.014957818
KHDRBS1,HNRNPK,0.215578934
KNTC1,ZWILCH,0.785784621
KRAS,ETS2,0.313844259
KRAS,FOS,-0.150174748
KRAS,MAPK1,0.140467765
KRAS,MYC,-0.265902859
KRAS,NR3C2,0.760144587
KRAS,PIK3CA,0.061400956
KRAS,POU2F1,-0.19729783
LAMA2,ITGA6,-0.072321485
LAMA4,BRD7,-0.371168811
LAMA4,ITGA6,-0.003244335
LAMA4,ZHX1,-0.34127434
LAMB4,ITGA6,0.414375929
LAMC1,EBF1,-0.424127308
LIPG,MGLL,-0.092835598
LPCAT1,EGR1,0.709758917
LPCAT1,MYC,-0.059297995
LPCAT1,PLAAT3,0.493363222
LRP5,DVL1,0.296516709
LRP5,EGR3,-0.444420292
LRP6,ATF5,0.481442671
LRP6,DVL1,0.016628958
LTA4H,CYP4F3,0.129507877
LTA4H,MYC,-0.287084785
MAD2L1,POU2F1,0.190569771
MAP2K1,ATF5,0.142062697
MAP2K1,PPP2CB,0.432264888
MAP2K1,PPP2R1A,-0.251623822
MAP2K1,PRKCD,-0.271557008
MAP2K2,EGR2,-0.501909703
MAP2K2,MAPK1,-0.358658157
MAP4K4,MAP3K1,0.226282446
MAP4K4,POU2F1,0.125743294
MAPK1,CAMK2B,-0.574740475
MAPK1,DUSP1,-0.528134659
MAPK1,DUSP9,-0.205783287
MAPK1,EGR1,0.19448703
MAPK1,ELK1,0.090758068
MAPK1,ELK4,0.294269201
MAPK1,ESR1,-0.224827579
MAPK1,ETS2,0.064597522
MAPK1,FOS,0.067694346
MAPK1,HDAC4,0.454038363
MAPK1,IL17RC,-0.521529138
MAPK1,KHDRBS1,0.54812936
MAPK1,MYC,-0.536788799
MAPK1,PRKCD,-0.23567125
MAPK1,RPS6KB1,0.516223877
MAPK1,SDC1,-0.465820953
MAPK1,SMAD2,0.554799706
MAPK1,SMAD3,0.620967749
MAPK1,TCF3,-0.046752977
MAPK1,TNF,-0.246217274
MAPK1,UBTF,-0.130722878
MAPK1,YBX1,0.294086316
MAPK1,ZFP36,-0.089679247
MAPK10,BAX,0.340881197
MAPK10,MECOM,0.238282698
MAPK3,EGR1,0.160765393
MAPK3,ELK1,0.431682622
MAPK3,ELK4,-0.718559337
MAPK3,ESR1,-0.266459994
MAPK3,ETS2,-0.239552387
MAPK3,FOS,-0.103657515
MAPK3,HDAC4,0.036657882
MAPK3,MYC,0.23501676
MAPK3,RPS6KB1,-0.4688855
MAPK3,SMAD2,-0.323142714
MAPK3,SMAD3,-0.35633568
MAPK3,TCF3,0.562676806
MAPK3,TNF,0.144599933
MAPK3,UBTF,0.267102015
MAPK3,ZNF7,-0.039946509
MAPKAPK5,HSPB1,-0.322841493
MAT1A,MYC,0.374592519
MAZ,CD4,0.428118046
MAZ,MMP9,-0.16553661
MAZ,TSG101,0.278215639
MCM2,MCM10,0.905376749
MCM2,MCM3,0.810025192
MCM2,MCM5,0.641874005
MCM2,MCM6,0.573452837
MCM2,MCM7,0.721133975
MCM2,RPS4X,0.413374613
MCM2,SNF8,-0.145730051
MCM3,MCM10,0.644478116
MCM3,MCM3AP,0.780865771
MCM3,MCM5,0.707078295
MCM3,MCM6,0.716784837
MCM3,MCM7,0.454810834
MCM3,SUPT16H,0.390056934
MCM5,MCM7,0.723739996
MCM6,MCM10,0.347926425
MCM6,MCM7,0.044469416
MCM6,PSMA1,0.075703526
MCM6,SMC1A,0.094280416
MCM7,MCM10,0.785161655
MCM7,MNAT1,-0.081768861
MCM7,RBM8A,0.357132215
MCM7,SMC1A,-0.129767848
MECOM,HDAC4,0.281045767
MECOM,POU2F1,0.147363427
MECOM,SMARCA4,0.70189802
MECOM,TCF3,0.598389388
MET,CTNNB1,0.27421958
MET,MYC,-0.170415764
MET,PLCB1,0.410762505
MET,PLCG1,-0.669160864
MET,PTK2,-0.255434555
MET,TCF3,-0.564179141
MET,YBX1,0.159121888
MGST1,MYC,0.810646718
MLLT6,UBQLN4,0.217934087
MMUT,SUCLG2,-0.233023364
MOGAT2,MGLL,-0.593993229
MRC1,IL10,0.772076608
MRC2,IL10,0.324020032
MTHFD1,E2F4,-0.335183239
MTHFD1,MYC,0.888070372
MTMR7,PIP4P2,0.103455938
MTOR,AKT2,0.195451704
MTOR,EIF4EBP1,-0.399926428
MTOR,IGF1,-0.098451859
MTOR,MYC,-0.473688666
MTOR,PIK3CA,0.132679759
MTOR,PIK3CB,0.565525805
MTOR,PIK3CD,-0.182990732
MTOR,PIK3R1,-0.000224908
MTOR,PIK3R2,0.335794663
MTOR,PIK3R3,-0.042623753
MTOR,PRKAA2,0.422542397
MTOR,PRKAB1,-0.099819945
MTOR,PRKAB2,0.317190782
MTOR,PRKAG1,-0.110797538
MTOR,PRKAG2,-0.177414019
MTOR,PRKCA,0.38924283
MTOR,PRKCB,-0.059694456
MTOR,PRKCG,-0.050508938
MTOR,RHEB,0.267897855
MTOR,RPS6KB1,0.066392649
MTOR,RRAGC,0.589429792
MTOR,RRAGD,0.260412507
MTR,CTH,0.095178696
MYC,AATF,0.573676209
MYC,ABCF2,0.732393413
MYC,ACTG1,-0.486841623
MYC,ACTR3C,0.571075977
MYC,ACYP2,0.637908489
MYC,ADAR,0.058913382
MYC,AGAP3,0.146552536
MYC,AGL,0.02554669
MYC,AGPAT2,-0.61446039
MYC,AHCTF1,0.182035832
MYC,AIDA,-0.283159699
MYC,AIG1,-0.495040235
MYC,ALDH18A1,-0.396411728
MYC,AMBP,-0.209147528
MYC,ANGEL2,0.187078837
MYC,APC,-0.695564066
MYC,APH1A,-0.397895855
MYC,ARF1,0.289757095
MYC,ARID1A,-0.250964501
MYC,ARIH2,-0.518387768
MYC,ARL15,-0.293873924
MYC,ARMC6,0.479774086
MYC,ARRDC4,-0.344087308
MYC,ASH1L,-0.112847253
MYC,BAG2,0.527433177
MYC,BARD1,-0.526932241
MYC,BAX,0.801360243
MYC,BAZ1B,-0.517165746
MYC,BDP1,-0.545222118
MYC,BHLHE40,-0.017745664
MYC,BOLA1,0.609866877
MYC,BOP1,0.624529286
MYC,BRCA1,0.313782115
MYC,BRD7,0.328345732
MYC,BRD9,-0.476494716
MYC,BUB3,-0.092166529
MYC,C1orf131,0.304285325
MYC,C1orf216,-0.243170199
MYC,C2orf76,0.349207867
MYC,C6orf62,-0.580211479
MYC,CALM1,0.230431117
MYC,CCT2,0.469781745
MYC,CDK5,0.737268621
MYC,CENPM,-0.070201942
MYC,CENPN,0.800775764
MYC,CENPV,-0.304483978
MYC,CHP1,0.579245759
MYC,CIDEB,0.351535644
MYC,CKS1B,0.51285949
MYC,CKS2,0.153428862
MYC,CNPY2,-0.405408259
MYC,COPS7A,0.274507394
MYC,COPZ1,0.406827139
MYC,CSNK1D,-0.309262334
MYC,CSNK1G1,-0.729467589
MYC,CSNK2A1,-0.33330454
MYC,CTNNB1,0.219969233
MYC,CTSA,0.322576905
MYC,CUL4A,-0.450348028
MYC,CUTA,0.286868198
MYC,CYGB,0.006787944
MYC,CYP2R1,-0.282299509
MYC,DCAF13,0.590122515
MYC,DCAF7,-0.70871185
MYC,DDX20,0.120196324
MYC,DDX39A,0.439643755
MYC,DEK,-0.301508861
MYC,DEPDC1B,-0.793682169
MYC,DEPDC7,0.869128925
MYC,DESI2,0.240541368
MYC,DHODH,0.793810032
MYC,DHX35,-0.623610032
MYC,DIMT1,0.375336546
MYC,DKC1,-0.280246819
MYC,DLEU2,-0.462171504
MYC,DNMT3A,-0.445908595
MYC,DUS4L,0.201046212
MYC,DYM,-0.664718304
MYC,EARS2,0.388145923
MYC,EEF1D,0.715344058
MYC,EFTUD2,0.217636825
MYC,EGR2,-0.142006946
MYC,EGR3,0.006725408
MYC,EIF2AK1,0.198035932
MYC,EIF2B1,0.508217399
MYC,EIF2B4,0.611309273
MYC,EIF2S3,-0.266424948
MYC,EIF3H,0.810564339
MYC,EIF4B,-0.185920736
MYC,EIF4EBP1,0.417341746
MYC,EIF4H,-0.300580891
MYC,ENG,0.234654527
MYC,ENOPH1,-0.254068039
MYC,EPHA3,-0.036406684
MYC,EPM2A,0.12765975
MYC,ERCC3,0.029486232
MYC,ESR1,0.418400563
MYC,ETFDH,0.365656582
MYC,ETS2,-0.033849901
MYC,ETV4,0.034634213
MYC,EXOC3L1,-0.445754777
MYC,EXOSC1,0.505125135
MYC,EXOSC10,0.433856148
MYC,EXOSC4,0.706349767
MYC,EZH1,0.496999744
MYC,F8,0.293463574
MYC,FABP5,0.081820719
MYC,FAF1,-0.091075935
MYC,FARSB,0.096821657
MYC,FASTK,-0.061540119
MYC,FEZ1,0.244105145
MYC,FLAD1,0.642606427
MYC,FOXK1,-0.188399517
MYC,FOXP1,-0.045513448
MYC,FRAT2,-0.226351387
MYC,FUS,0.199154584
MYC,GAS5,0.240249969
MYC,GEMIN5,-0.066185605
MYC,GGCT,0.131209257
MYC,GGT5,-0.12727969
MYC,GNS,0.322006086
MYC,GSTZ1,0.61592176
MYC,GTF2IRD1,0.143891489
MYC,GTF3C3,0.211054389
MYC,GTPBP4,0.364383083
MYC,HBA2,0.465073178
MYC,HEATR1,0.459801441
MYC,HLA-A,0.423692747
MYC,HLA-C,0.456266866
MYC,HMGN4,-0.053100464
MYC,HNRNPA1,-0.548262019
MYC,HNRNPC,0.039359082
MYC,HNRNPK,-0.026595206
MYC,HNRNPL,-0.396674432
MYC,HNRNPR,-0.619635972
MYC,HSPA4,0.133314094
MYC,IFNAR1,-0.062054582
MYC,IGF2BP3,-0.533723863
MYC,IL17RC,-0.031376934
MYC,ILF3,-0.33265101
MYC,INPP5A,-0.388593544
MYC,IRAK1,0.07261117
MYC,ITGB3BP,0.154212701
MYC,JTB,0.284786581
MYC,KCNJ16,-0.496918307
MYC,KCNN3,0.015942804
MYC,KDM5B,-0.681081048
MYC,KDM6A,-0.738455971
MYC,KHDRBS1,-0.780834821
MYC,KIF11,-0.412589043
MYC,KIF2A,0.163555946
MYC,KIFC1,-0.258597823
MYC,KLHL23,-0.858686404
MYC,KPNA3,0.687498384
MYC,KPTN,-0.568762713
MYC,LAGE3,0.523197945
MYC,LAMC1,-0.303219052
MYC,LBR,-0.384704146
MYC,LCMT1,0.408181245
MYC,LIG3,-0.285271315
MYC,LRG1,-0.01060769
MYC,LRRC58,-0.341554897
MYC,LSM4,-0.09543984
MYC,LY6E,0.086159956
MYC,MAPRE1,-0.20240328
MYC,MCM3,-0.387569756
MYC,MCM5,0.026823187
MYC,MCM7,-0.127040227
MYC,MDC1,-0.39794067
MYC,MEA1,-0.422472452
MYC,MED20,-0.504955122
MYC,METTL1,0.426624561
MYC,METTL23,0.080509431
MYC,MFAP1,0.165894098
MYC,MGLL,-0.760355927
MYC,MLLT6,0.025944976
MYC,MMP9,-0.115872341
MYC,MRO,0.541167376
MYC,MRPL23,-0.040637664
MYC,MRPL43,-0.592809487
MYC,MRTO4,0.587964231
MYC,MTCH1,-0.178953104
MYC,MTPAP,-0.386079322
MYC,MVK,-0.602049761
MYC,NAP1L1,-0.385834088
MYC,NCBP2,-0.036261268
MYC,NDRG1,-0.260538605
MYC,NDUFA2,-0.335951853
MYC,NDUFA4L2,0.650212747
MYC,NFE2L2,0.371228293
MYC,NIPAL3,-0.510737398
MYC,NME1,0.801065161
MYC,NOL7,0.036707788
MYC,NOL8,0.158641475
MYC,NOP2,0.511743213
MYC,NOP56,0.382789235
MYC,NPM1,0.223615253
MYC,NR2C2AP,0.352973117
MYC,NSMCE2,0.68329204
MYC,NSUN5,0.391963125
MYC,NTPCR,0.528986896
MYC,NUDCD3,-0.276331444
MYC,NUP153,-0.452009887
MYC,NUP155,-0.075120721
MYC,NUP37,0.14314661
MYC,OAF,0.1421097
MYC,OLA1,-0.564096145
MYC,PA2G4,0.327417688
MYC,PABPC4,0.366683893
MYC,PARPBP,-0.062505235
MYC,PAXIP1,-0.329431656
MYC,PBK,-0.136520771
MYC,PCDHGA4,-0.175324663
MYC,PCID2,-0.39896393
MYC,PCOLCE2,-0.587720169
MYC,PCSK6,-0.222583733
MYC,PDCD2L,0.336026784
MYC,PDE2A,0.10313316
MYC,PDIA5,-0.606218127
MYC,PFDN6,0.578644031
MYC,PGP,0.404972029
MYC,PHF10,-0.292367716
MYC,PIAS1,0.275075506
MYC,PKM,-0.061035435
MYC,PLOD3,0.205282122
MYC,PLSCR4,-0.660906561
MYC,POGK,0.188063452
MYC,POLD1,-0.273344399
MYC,POLE3,0.220092831
MYC,POLG2,0.037165483
MYC,POU2F1,-0.275344631
MYC,PPIH,0.019441704
MYC,PPP1R3B,-0.565747153
MYC,PQBP1,0.565491287
MYC,PRDM10,-0.440289233
MYC,PRDM15,-0.555618527
MYC,PRODH2,-0.768206223
MYC,PROM1,-0.690848803
MYC,PRPF6,0.049498062
MYC,PRRC1,-0.641272545
MYC,PSMA1,0.659642794
MYC,PSMD14,0.566189103
MYC,PSMD3,0.305463805
MYC,PTBP1,-0.322179498
MYC,PTH1R,0.590021379
MYC,PTMA,0.441233587
MYC,PTTG1,-0.305440347
MYC,PYCR2,0.663159677
MYC,QSER1,-0.609746223
MYC,RAB4A,0.734497674
MYC,RAD1,-0.440610047
MYC,RAD51,-0.467000133
MYC,RANBP1,0.934620747
MYC,RBM8A,0.182081245
MYC,RCL1,0.741307893
MYC,REPIN1,0.084652939
MYC,RHOD,0.277582686
MYC,RIC8A,-0.194452164
MYC,RNF187,0.437796109
MYC,RNF44,-0.086561679
MYC,RNMT,-0.578668415
MYC,ROBO1,-0.393316272
MYC,RPL18,-0.339507259
MYC,RPL19,-0.095830478
MYC,RPL8,0.654226462
MYC,RPL9,-0.24848106
MYC,RPS2,0.655405815
MYC,RPS5,-0.10127608
MYC,RPS9,0.111910321
MYC,RPSA,-0.19002567
MYC,RRM2,-0.208452038
MYC,RTF1,0.465089621
MYC,RUSC1,0.01027357
MYC,S100P,-0.765851666
MYC,SARDH,0.230778688
MYC,SART3,-0.263228264
MYC,SCAMP1,0.089430871
MYC,SCML2,-0.535385377
MYC,SCRIB,0.392038669
MYC,SDC1,0.0323998
MYC,SDK2,-0.168912026
MYC,SEMA3F,-0.231238245
MYC,SERPINE1,-0.12402731
MYC,SFRP1,0.494655872
MYC,SFT2D2,-0.44818976
MYC,SFXN4,-0.092775051
MYC,SLBP,0.02163001
MYC,SLC25A6,0.470069983
MYC,SLC26A2,-0.815039015
MYC,SLC36A1,-0.318837989
MYC,SLC39A10,-0.059205776
MYC,SLC39A14,-0.348687
MYC,SLC41A3,0.339339639
MYC,SLC7A2,-0.530519238
MYC,SLC7A8,-0.279299132
MYC,SMAD2,-0.053311759
MYC,SMAD3,-0.086833931
MYC,SMARCA4,-0.244645717
MYC,SMARCB1,0.279992465
MYC,SMARCD1,-0.176006571
MYC,SMC1A,-0.592012489
MYC,SNRNP200,-0.706894258
MYC,SNRNP40,0.674411613
MYC,SNX30,-0.451727466
MYC,SPAG5,-0.75714926
MYC,SPC24,0.481035074
MYC,SPNS2,0.393750312
MYC,SPRYD4,0.176358669
MYC,SQLE,-0.353550639
MYC,SRD5A1,0.653224743
MYC,SRPK1,-0.349363051
MYC,SRXN1,0.672648163
MYC,SSRP1,-0.184956812
MYC,ST3GAL3,-0.839604926
MYC,STAMBP,0.185745203
MYC,STK25,-0.653396677
MYC,STK35,-0.646334743
MYC,STMN1,-0.347589566
MYC,STT3B,-0.559909899
MYC,SUN5,-0.337201046
MYC,TACSTD2,-0.082433606
MYC,TCERG1,-0.706104922
MYC,TCF3,-0.335884006
MYC,TCF7,-0.022173093
MYC,TCF7L2,-0.218700403
MYC,TCP1,-0.088131032
MYC,TERT,0.556786779
MYC,TEX10,-0.236292437
MYC,TIMELESS,-0.553686587
MYC,TIMM13,0.578496053
MYC,TIMM17B,0.280043156
MYC,TMPO,-0.46865853
MYC,TOMM20,0.128113686
MYC,TOMM40L,-0.628323637
MYC,TOP1MT,0.779775396
MYC,TOPBP1,-0.182083239
MYC,TRAPPC2L,0.775380413
MYC,TRIM24,-0.676897195
MYC,TRIP13,-0.084702803
MYC,TRMT6,-0.122157218
MYC,TRMT61B,0.561257191
MYC,TRRAP,-0.839637926
MYC,TSEN2,0.524750391
MYC,TTC21A,0.30543058
MYC,TTC27,0.272896792
MYC,TTF2,-0.040522251
MYC,TXLNG,-0.394134337
MYC,TXNL4A,-0.009492907
MYC,TXNRD1,0.872887274
MYC,UBE2C,-0.253644057
MYC,UBE2D2,0.1151859
MYC,UBE2D4,-0.657906932
MYC,UBQLN4,-0.138848561
MYC,UCHL1,0.222667124
MYC,UCK2,0.673078431
MYC,UCKL1,0.087271342
MYC,USP14,-0.433725597
MYC,USP31,-0.001039012
MYC,USP43,0.023551824
MYC,UTP14A,0.490080398
MYC,UTP18,0.17218877
MYC,UTP23,0.680814586
MYC,VKORC1L1,-0.315819617
MYC,VPS33A,-0.118708655
MYC,VPS54,-0.480431535
MYC,WDR5,-0.292903592
MYC,WDSUB1,0.518482072
MYC,WRNIP1,-0.280661569
MYC,XPO1,-0.661801426
MYC,XPO5,-0.547832232
MYC,XPOT,0.13719564
MYC,XRCC6,-0.083955575
MYC,YBX1,0.477492886
MYC,YY1AP1,0.306873001
MYC,ZBTB37,-0.043306188
MYC,ZC2HC1C,0.086822212
MYC,ZC3HAV1,0.001595044
MYC,ZFP36,0.166807678
MYC,ZFP62,-0.761889165
MYC,ZFP64,-0.744323437
MYC,ZNF398,-0.224687273
MYC,ZNF692,0.228265133
MYC,ZNF706,0.757242662
MYC,ZNF740,-0.146640079
MYC,ZNF747,-0.549192177
MYC,ZNHIT3,-0.095128566
MYC,ZSWIM5,-0.345210784
MYD88,IRAK1,0.629969439
MYD88,TLR4,0.310252785
MYD88,TNF,0.278761822
MYD88,ZIC2,0.249251539
MYO10,EGR1,0.09201619
MYO10,EGR2,-0.28720176
NAMPT,CLOCK,-0.824835774
NAMPT,NNMT,0.694973218
NAT2,CYP2A6,-0.008139318
NAT2,CYP2A7,-0.189305507
NCOA6,GHR,0.500376186
NCOA6,XRCC6,0.449085783
NFE2L2,BRCA1,0.140770374
NFE2L2,CFTR,-0.697180184
NFE2L2,COPS7A,-0.445039193
NFE2L2,EGR1,-0.186939342
NFE2L2,EIF2AK1,-0.390179112
NFE2L2,HBB,0.637568551
NFE2L2,HMOX1,-0.139572003
NFE2L2,NQO1,0.005688068
NFE2L2,TCF3,-0.675972743
NFE2L2,ZIC2,-0.018061803
NFYC,ANK3,-0.615649204
NFYC,AURKA,0.319114781
NFYC,CAND1,-0.122103091
NFYC,CASP2,0.134373063
NFYC,CCDC149,0.367594012
NFYC,CDCA3,0.431464857
NFYC,CENPF,0.428849149
NFYC,CHP1,-0.263718048
NFYC,COPZ1,-0.645426808
NFYC,DCAF11,0.574466367
NFYC,DEPDC1B,0.492679457
NFYC,ENOPH1,-0.453269431
NFYC,FAS,-0.616914818
NFYC,FLAD1,0.004516649
NFYC,GGH,-0.077472381
NFYC,GOLPH3L,0.389982986
NFYC,HBB,-0.138950139
NFYC,HERC2,0.326317668
NFYC,KPNB1,0.39019723
NFYC,LRRC4C,-0.265774906
NFYC,MRPL49,0.462417638
NFYC,MSH6,0.472894432
NFYC,MUC6,-0.202172385
NFYC,NIF3L1,0.549143797
NFYC,NUP37,-0.049427591
NFYC,OGG1,0.218075515
NFYC,PA2G4,-0.173124864
NFYC,PEAK1,0.267514071
NFYC,PHF6,0.230660373
NFYC,PRCP,-0.425751224
NFYC,PRDM10,0.476154733
NFYC,PSMD4,0.137621414
NFYC,RMI2,-0.072927907
NFYC,RMST,-0.007674954
NFYC,RRM2,0.286960114
NFYC,SLBP,-0.465793078
NFYC,SLC7A8,-0.271110135
NFYC,STARD7,0.023031624
NFYC,SYT13,-0.139552403
NFYC,TTK,0.432625683
NFYC,UBE2S,-0.299880967
NFYC,USP21,0.148474109
NFYC,ZC2HC1C,0.108678505
NGFR,PLCB1,-0.215422201
NPM1,NCL,0.30681225
NPM1,NOP2,0.07744461
NPM1,TCERG1,-0.178400425
NR1H4,ABCB4,-0.107138424
NR1H4,SLCO1B3,0.488463378
NR2C2,NR2C2AP,-0.271799992
NR3C2,FXYD2,0.273864207
NR3C2,HSPA4,-0.04092535
NR3C2,PTGES3,-0.078748916
NRAS,ELK1,-0.301062622
NRAS,FOS,0.540137046
NRAS,MAPK1,0.156578359
NRAS,MYC,-0.166199209
NRAS,PDPK1,0.187270917
NRAS,PIK3CA,0.917303105
NRAS,POU2F1,0.819935302
NRF1,IDE,0.413477791
NRF1,NQO1,-0.239764981
ORC1,E2F4,0.265793638
ORC1,MCM2,0.394156398
ORC1,MCM3,-0.049759553
ORC1,MCM5,-0.119519559
ORC1,MCM7,0.479855937
ORC6,MCM5,0.469867726
ORC6,MCM7,0.14673998
PAPOLA,CPSF3,0.614822457
PAPOLA,SNRPA,-0.460597298
PBXIP1,TSNAX,0.202618271
PBXIP1,UBQLN4,0.280314837
PCNA,BAZ1B,0.01326016
PCNA,BRCA1,-0.207321435
PCNA,E2F2,-0.271085085
PCNA,E2F4,-0.075940643
PCNA,E2F5,-0.192934359
PCNA,MYC,-0.078031458
PCNA,PTMA,0.252585735
PCNA,PURA,0.076262452
PCNA,XRCC6,-0.272576286
PCNA,YBX1,-0.298572688
PCYT1A,ATF5,0.324925719
PCYT1A,CHKA,0.409298329
PCYT1A,MAPK1,0.175276141
PCYT1A,MAPK10,-0.173516284
PCYT1A,MAPK3,0.253669165
PCYT1A,ZNF143,-0.095946409
PDCD11,S100A8,0.229943965
PDE7A,ADSL,0.460854249
PDE7B,ADSL,-0.351301113
PDGFD,EGFR,0.171172792
PDGFD,PDGFRA,-0.049021933
PDGFRA,PLCB1,0.342113287
PDGFRA,PLCG1,0.621997277
PDGFRA,PTK2,-0.434855432
PDPK1,EGR3,-0.606483593
PDPK1,RPS6KB1,0.108951657
PECAM1,EGR1,0.336895206
PHF10,SETDB1,-0.082931737
PHF10,UTP14A,-0.361620388
PIAS1,UBE2I,-0.056293967
PIK3CA,CHKA,-0.249889746
PIK3CA,ESR1,0.390631941
PIK3CA,FYN,-0.183871948
PIK3CA,GNB1,0.039853156
PIK3CA,HOMER1,-0.213553157
PIK3CA,HOMER2,0.261111092
PIK3CA,IGF1R,-0.242186627
PIK3CA,ITGA2,-0.524622851
PIK3CA,MET,0.559118008
PIK3CA,PECAM1,0.211901587
PIK3CA,PRKCD,-0.03844716
PIK3CA,TP53,-0.888016318
PIK3CA,TRAF5,0.008115034
PIK3CB,CHKA,0.006592481
PIK3CB,PDPK1,0.010430268
PIK3CB,PRKCD,-0.400204784
PIK3CB,PTK2,-0.437432151
PIK3CB,RAC1,-0.280089287
PIK3CD,CHKA,0.053685465
PIK3CD,PDPK1,-0.334537991
PIK3CD,PRKCD,0.429552729
PIK3CD,PTK2,-0.477923109
PIK3CD,RAC1,0.260774854
PIK3R1,CHKA,0.073515214
PIK3R1,CTNNB1,-0.136384504
PIK3R1,EBF1,0.266797284
PIK3R1,EGR2,0.587421279
PIK3R1,ESR1,-0.560657904
PIK3R1,KHDRBS1,0.548949699
PIK3R1,NFYC,-0.180283734
PIK3R1,PTK2,-0.63503378
PIK3R1,RAC1,-0.099611063
PIK3R1,RB1,0.137997063
PIK3R1,WBP11,0.246208951
PIK3R2,CHKA,-0.139221042
PIK3R2,PDPK1,0.417406271
PIK3R2,PRKCD,0.68224172
PIK3R2,PTK2,-0.12196786
PIK3R2,RAC1,0.239680264
PIK3R3,CHKA,0.07198064
PIK3R3,PDPK1,-0.222134863
PIK3R3,POU2F1,-0.199140934
PIK3R3,PRKCD,0.323363994
PIK3R3,PTK2,-0.684982663
PIK3R3,RAC1,0.203264462
PIK3R3,RB1,0.363856819
PIP4K2B,ATF2,0.099308889
PIP4K2B,E2F2,0.319626066
PIP4K2B,E2F4,0.290830683
PIP4K2B,E2F5,-0.421635573
PIP4K2B,MYC,-0.781530237
PIP4K2B,TCF3,0.68612906
PIP4K2B,TP53,-0.088676708
PKN1,MEFV,-0.115802676
PLAG1,KPNA2,-0.381873053
PLCB1,AGTR1,0.635316275
PLCB1,AVPR1A,0.601547987
PLCB1,FPR1,-0.359305536
PLCB1,GNB1,0.171678542
PLCB1,TCF3,0.189444868
PLCG1,PRKCD,0.664740592
PLCG2,KHDRBS1,0.066312223
PLCG2,NPM1,-0.29132565
PLCG2,PRKCD,-0.218255408
PLK1,CTNNB1,-0.053928079
PLK1,E2F4,-0.100024545
PLK1,MCM2,0.520839021
PLK1,MCM3,0.569355292
PLK1,MCM7,0.304708065
PLK1,MYC,0.199595794
PLK1,NPM1,0.322559947
PNP,MYC,0.6408031
PNP,NMRK1,-0.175342173
PNP,NNMT,0.40503825
PNP,TP53,0.400423481
PNP,XDH,-0.742559806
POU2F1,AARS2,0.323107682
POU2F1,ACSL1,0.235604533
POU2F1,ACTG2,-0.610092967
POU2F1,ACYP2,-0.165051301
POU2F1,AKR1C3,0.037664336
POU2F1,ALB,-0.095964522
POU2F1,APOF,-0.381469643
POU2F1,BCHE,-0.025427347
POU2F1,BCO2,-0.094348117
POU2F1,BMX,-0.778336151
POU2F1,BUB1B,0.665274091
POU2F1,C17orf58,0.336273127
POU2F1,C1orf43,0.0010419
POU2F1,CENPQ,0.630678384
POU2F1,CLC,-0.356418581
POU2F1,CNOT1,0.041423383
POU2F1,CNPY2,0.457435457
POU2F1,CSNK1G1,0.448080676
POU2F1,DHX35,0.235251544
POU2F1,DLEU2,0.818100473
POU2F1,EPB41L4A,-0.183951915
POU2F1,FAM172A,0.207304742
POU2F1,FAM50A,-0.197238014
POU2F1,FEZ1,-0.658199943
POU2F1,FGF13,-0.004016348
POU2F1,FOXP1,0.662910479
POU2F1,GON4L,0.250040333
POU2F1,HCAR3,-0.219780028
POU2F1,HSPA14,0.628173568
POU2F1,KBTBD11,-0.364905734
POU2F1,KCNN3,-0.163246338
POU2F1,MAP2,-0.15641209
POU2F1,MED24,-0.122084168
POU2F1,MED30,-0.017059434
POU2F1,MGLL,0.001773388
POU2F1,MNAT1,0.656442138
POU2F1,MRO,-0.271245557
POU2F1,MT2A,-0.252126324
POU2F1,MTCH1,-0.006019987
POU2F1,N4BP2L1,0.568834411
POU2F1,NDUFA4L2,-0.533763415
POU2F1,NHEJ1,0.384736616
POU2F1,NIF3L1,0.822971586
POU2F1,NUP153,0.446153034
POU2F1,ONECUT2,0.496333749
POU2F1,OTUD7B,0.356383701
POU2F1,PDE2A,-0.656490894
POU2F1,PDZRN4,-0.230670604
POU2F1,PHF6,0.316965637
POU2F1,PLXNC1,0.240855151
POU2F1,PODXL,-0.249333957
POU2F1,POLG2,0.011073882
POU2F1,POLR3F,-0.208776407
POU2F1,POP5,-0.129489754
POU2F1,RAD54B,-0.079262994
POU2F1,RBBP7,-0.381368639
POU2F1,RNF220,0.246985049
POU2F1,RNF44,-0.150427789
POU2F1,ROBO1,0.029589399
POU2F1,SATB2,0.431945476
POU2F1,SHB,-0.350779898
POU2F1,SHISA9,-0.140337121
POU2F1,SLC7A6,-0.435239047
POU2F1,SMCR8,-0.203228561
POU2F1,SNRPD2,0.582070439
POU2F1,STK3,-0.447882347
POU2F1,TFPI2,-0.532675714
POU2F1,TK1,0.019802677
POU2F1,TRMT112,-0.087411212
POU2F1,TXNRD1,-0.199947413
POU2F1,UBQLN4,-0.09150592
POU2F1,USP31,0.156285081
POU2F1,VWF,-0.221214582
POU2F1,XPR1,-0.082580144
POU2F1,ZNF862,-0.040279178
PPP1CC,SMARCB1,-0.25856533
PPP1CC,TRPM8,-0.551172662
PPP1CC,WBP11,0.171276032
PPP2CB,EGR3,-0.261796701
PPP2CB,IRAK1,-0.283015509
PPP2CB,RPS6KB1,0.552464987
PPP2CB,SMG5,-0.197595884
PPP2CB,STK3,-0.038012817
PPP2R1A,IRAK1,0.626620179
PPP2R1A,MCM3,0.347865579
PPP2R1A,POU2F1,-0.328739166
PPP2R1A,RPS6KB1,-0.614257693
PPP2R1A,SMAD2,0.103709983
PPP2R1A,SMAD3,0.021205379
PPP2R1A,SMG5,0.684256092
PPP2R1A,STK3,-0.179944372
PPP2R5A,APC,-0.214374903
PPP2R5A,EGR1,-0.407445368
PPP2R5A,EGR2,-0.136622096
PPP2R5A,EGR3,-0.803898704
PPP2R5A,FOS,-0.264539467
PPP2R5A,FOSB,0.007409965
PPP2R5A,SMG5,0.070282892
PQBP1,TXNL4A,0.149432437
PQBP1,WBP11,-0.539404988
PRKAA2,ACACA,0.508287297
PRKAA2,ACACB,-0.659009028
PRKAA2,EGR2,-0.351165131
PRKAA2,EGR3,-0.372340907
PRKAA2,ELAVL1,0.026162203
PRKAB1,ACACA,0.135050662
PRKAB1,ACACB,-0.461085796
PRKAB1,ELAVL1,0.041573898
PRKAB2,ACACA,0.1032078
PRKAB2,ACACB,0.015591494
PRKAB2,ELAVL1,-0.21296534
PRKAG1,ACACA,-0.262461987
PRKAG1,ACACB,-0.426309128
PRKAG1,EGR2,0.469809115
PRKAG1,ELAVL1,-0.584006871
PRKAG1,ZIC2,-0.242403468
PRKAG2,ACACB,-0.077311927
PRKAG2,ADRA1A,0.339234517
PRKAG2,BMP8A,-0.657101372
PRKAG2,MYC,0.08104973
PRKCA,ATP6AP1,-0.246749481
PRKCA,PA2G4,0.122934134
PRKCA,PLCB1,0.429373941
PRKCA,PLCB2,-0.198730621
PRKCA,PLCG1,-0.10906945
PRKCA,PLCG2,-0.370991623
PRKCA,PTK2,0.066404688
PRKCA,TRPV4,-0.063501835
PRKCB,ARAF,0.06567093
PRKCB,EGR1,0.43085924
PRKCB,FCGR2C,0.059225923
PRKCB,FCGR3B,0.557729288
PRKCB,FOS,0.40329382
PRKCB,HRAS,-0.3352193
PRKCB,MAPK1,0.24772517
PRKCB,PA2G4,-0.168347042
PRKCB,PLCB1,0.131481561
PRKCB,PLCB2,0.555306194
PRKCB,PLCG2,-0.312952779
PRKCB,PTK2,-0.507681385
PRKCB,SLC2A2,-0.356922378
PRKCB,TRPV4,-0.594318434
PRKCD,EGR2,0.097896023
PRKCD,EGR3,0.420676534
PRKCD,NFE2L2,-0.786836938
PRKCD,TRPV4,0.163129305
PRKCG,ARAF,0.097976803
PRKCG,FOS,-0.258292285
PRKCG,HRAS,0.209541961
PRKCG,MAPK1,-0.387068163
PRKCG,PA2G4,0.832930689
PRKCG,PTK2,0.643233175
PRKCG,TRPV4,0.714054978
PRKDC,E2F4,0.597810619
PRKDC,ILF2,0.477177859
PRKDC,MYC,0.184738048
PRKDC,NCOA6,-0.224185342
PSPH,SHMT1,0.152075201
PTEN,EZH2,0.388588826
PTK2,EGR1,-0.592538887
PTK2,FYN,-0.330081009
PTK2,ITGA2,0.350001011
PTK2,ITGA6,0.356048786
PTMA,IDO2,-0.17210153
PTMA,KPNA2,0.272772462
PTMA,KPNB1,-0.085478713
PTMA,NUTF2,0.439373044
PTMA,SET,0.064649569
PTMA,VIPR1,0.234095939
PTTG1,RPS10,0.821319292
PURA,CDK5,-0.654662384
PURA,FAS,0.002354575
PURA,TCF3,-0.279450835
PURA,YBX1,-0.166315978
RAC1,ABL2,0.095142218
RAC1,DVL1,-0.351716572
RAC1,DVL2,0.03365351
RAC1,DVL3,-0.040325781
RAC1,FYN,0.073127193
RAC1,GNB1,0.57040059
RAC1,MAP3K1,-0.323899986
RAC1,PTTG1,0.19054606
RAC1,RALBP1,-0.109101094
RAC1,TLR4,0.096031227
RAC1,WASF2,0.142128067
RAD1,POU2F1,0.624190723
RAD50,MRE11,-0.010607421
RAD51,RAD54B,-0.273713354
RAD51,UBE2I,0.010777483
RAD54B,GORASP2,0.045812217
RAD54B,PSMA1,-0.263096966
RAF1,PIK3CA,0.548184936
RAF1,PIK3CB,0.559532041
RAF1,PIK3CD,-0.080681353
RAF1,PIK3R2,0.735080779
RAF1,RFXANK,-0.163141152
RALA,RALBP1,-0.539728459
RALGAPB,RALA,-0.177279153
RAN,MYC,0.556268514
RAN,PTMA,0.556711321
RAN,SSRP1,0.508540533
RAN,XPO1,-0.513672552
RASSF4,STK3,-0.536076231
RB1,AATF,-0.329726787
RB1,ARID3B,0.214308689
RB1,ATF2,0.464506898
RB1,CCNE2,-0.103090198
RB1,CTNNB1,0.239250593
RB1,E2F2,-0.262160695
RB1,E2F4,-0.42387357
RB1,E2F5,0.215671181
RB1,FOS,0.53979467
RB1,KDM5B,0.1581468
RB1,LIN9,0.13440312
RB1,MAPK1,0.446660129
RB1,MCM7,-0.103354883
RB1,MYC,-0.221016024
RB1,NCOA6,0.306074132
RB1,NDC80,0.174728288
RB1,PCNA,-0.487616624
RB1,POLA1,0.189060915
RB1,PURA,0.14288943
RB1,RBBP7,0.373808765
RB1,SMARCA4,-0.261022686
RB1,SNW1,0.018704121
RB1,TMPO,0.607636213
RB1,TP53BP2,0.341269768
RBBP5,TCF3,-0.59732216
RBBP7,DHX30,-0.263302281
RBBP7,SUV39H1,0.047679163
RBMX,HNRNPK,0.543187295
RBSN,RAB4A,-0.051440103
RBSN,VPS45,0.054830744
RETSAT,CYP26A1,0.546806427
RETSAT,HSD17B6,-0.102652938
RFX5,RFXANK,0.296396203
RGL1,EGR1,-0.377366775
RGL1,POU2F1,-0.045066373
RGL1,RALA,0.57173666
RHEB,MYC,0.197878843
RILP,FOSB,-0.556807469
RILP,POU2F1,-0.452602208
RILP,TCF3,-0.35473408
RILP,TUBA1B,0.083947117
RNPS1,SART3,0.46507083
RNPS1,UBQLN4,0.408744723
ROCK2,CTNNB1,0.828174047
ROCK2,FOSB,-0.443810876
ROCK2,PTEN,-0.239025027
RPS6KA3,EGR3,-0.052279191
RPS6KA3,MEFV,0.205945256
RPS6KB1,EIF4B,0.238532186
RPS6KB2,EIF4B,0.665560633
RRAGC,EGR1,0.293661175
RRAGC,EGR2,0.192326228
RRAGC,EGR3,0.159081624
RUVBL1,ACTL6A,-0.391652997
RUVBL1,CTNNB1,-0.177314926
RUVBL1,DKC1,-0.163558173
RUVBL1,EGR1,-0.214359111
RUVBL1,PLG,0.388266656
RUVBL1,RUVBL2,0.865635073
RUVBL1,TERT,0.873096637
RUVBL2,DPCD,0.833719822
RUVBL2,EXOSC10,0.646217473
RUVBL2,NDRG1,0.411363061
SDHB,NFE2L2,0.644911058
SDHB,NRF1,-0.717150347
SDHB,SUCLG2,0.108046476
SDHD,SUCLG2,0.397356548
SERPING1,C1R,0.51313647
SFRP1,DNMT3A,-0.109953522
SFRP5,DNMT3A,-0.305639734
SHC1,NPM1,-0.782783734
SHC2,EGFR,-0.015639749
SHC2,EPHA2,0.656225308
SHC2,FGFR4,0.542670639
SHC2,FYN,-0.624988801
SHC2,IGF1R,0.445407976
SHC2,MET,-0.114035697
SHC2,NGFR,0.435008697
SHC2,PDGFRA,-0.227424287
SHC3,ATF2,0.236700345
SHC3,FOSB,-0.621828548
SHC3,TCF3,-0.852480007
SHMT1,AGXT,0.052118258
SHMT1,AGXT2,0.612976535
SHMT1,SDS,0.338063755
SIRT7,NNMT,-0.057105268
SMAD2,ANTXR2,-0.070117323
SMAD2,AXIN1,-0.135144045
SMAD2,BRCA1,-0.134811126
SMAD2,DNAJC7,0.6261553
SMAD2,ESR1,-0.189377931
SMAD2,KHDRBS1,0.324822748
SMAD2,NCOA6,0.56715885
SMAD2,NUP153,0.294221428
SMAD2,POU2F1,0.398970893
SMAD2,RPS14,0.340925914
SMAD2,SERPINE1,0.59207496
SMAD2,SMAD3,0.496618442
SMAD3,ARID1A,-0.057977036
SMAD3,ATF2,0.351850101
SMAD3,AXIN1,-0.324015341
SMAD3,BMPR1A,0.23113332
SMAD3,BRCA1,0.4799487
SMAD3,CCL2,-0.573565901
SMAD3,EGR1,-0.028693713
SMAD3,ESR1,0.274044414
SMAD3,GTF2IRD1,0.572342028
SMAD3,HEY1,-0.172113602
SMAD3,HSPA4,0.060526824
SMAD3,LAMC1,0.689780386
SMAD3,MDM4,0.046918222
SMAD3,MECOM,0.316170896
SMAD3,MMP9,-0.522419764
SMAD3,NCOA6,0.316909715
SMAD3,NUP153,0.040634416
SMAD3,POU2F1,0.528476683
SMAD3,RPLP0,0.15995889
SMAD3,SERPINE1,0.169249472
SMAD3,SNW1,0.116417596
SMAD3,SVEP1,-0.457812239
SMAD3,TERT,0.037138929
SMAD3,TPM3,-0.504618205
SMAD3,XRCC6,0.455741384
SMAD3,YBX1,0.292180393
SMAD3,ZFP36,-0.33712302
SMARCA2,ACTL6A,-0.436946648
SMARCA2,ACTL6B,-0.208687405
SMARCA2,ARID2,0.435694861
SMARCA2,KHDRBS1,-0.380040127
SMARCA2,PRPF6,-0.675269202
SMARCA4,ACTL6A,0.31004581
SMARCA4,ARID2,-0.13265464
SMARCA4,BRCA1,-0.385265692
SMARCA4,EGR1,0.5876712
SMARCA4,ZMYND11,0.252624375
SMARCB1,ACTL6B,0.049227247
SMARCB1,ARID2,-0.616584005
SMARCB1,FOSB,-0.02854713
SMARCB1,SMARCA4,0.371192958
SMARCB1,SMARCD1,0.58702543
SMARCB1,SMARCD2,-0.149450602
SMARCB1,TCF3,0.453371937
SMARCB1,UBQLN4,0.024919405
SMARCC1,ARID2,0.434855344
SMARCC1,SMARCA4,0.35369129
SMARCC1,SMARCD3,-0.524414219
SMARCC2,ARID2,-0.482263995
SMARCC2,BAZ1B,0.386423462
SMARCC2,ITSN1,-0.146988862
SMARCD1,ATF5,0.456245207
SMARCD1,FEZ1,0.382976825
SMARCD1,LDOC1,0.374396197
SMARCD2,EGR2,0.106050985
SMARCD2,EGR3,-0.57693889
SMARCD3,EGR3,-0.165148955
SMARCD3,NR1H4,-0.212465934
SMARCD3,ZIC2,-0.465461886
SMARCE1,ARID2,0.223489282
SMARCE1,BAZ1B,0.737124145
SMARCE1,NCOA2,-0.693846817
SMG7,EGR1,-0.146202665
SMG7,EGR2,-0.36507765
SMG7,SMG5,0.383669575
SMS,EZH2,0.469085641
SNRPD1,GEMIN5,-0.67943495
SNRPD1,SNRPD2,0.594492421
SNW1,PABPN1,-0.028540509
SOS1,PDGFRA,0.158948626
SOS1,SHC3,0.167937187
SOS1,SPRY2,0.560933504
SOS2,CCND1,0.250860626
SOS2,EGR1,0.422533651
SOS2,FOS,-0.030202605
SOS2,FOSB,0.36664979
SOS2,GRB2,0.648810301
SOS2,HRAS,0.074973087
SOS2,MYC,-0.74229806
SRM,SMS,-0.368709678
SSRP1,DHX9,0.097051587
SSRP1,EXOSC10,0.192773993
SSRP1,NEK9,-0.114615368
SUPT16H,NEK9,0.740909813
TAF12,CPSF1,-0.152327098
TAF12,TAF2,0.566802451
TAF4,TAF2,-0.398719699
TAF5,CPSF1,-0.565815475
TAF5,TAF2,-0.855720322
TALDO1,ZNF143,-0.672142401
TARDBP,EXOSC10,0.001524842
TARDBP,NSFL1C,-0.69021879
TARDBP,SETDB1,0.011704879
TARDBP,ZHX1,-0.10671203
TCEA2,CENPT,0.103483333
TCEA2,RPA1,-0.173519437
TCERG1,HNRNPM,0.251566372
TCERG1,SETDB1,0.087828693
TCERG1,SF3A3,0.118976425
TCERG1,SF3B2,0.121109988
TCERG1,SF3B4,-0.502780349
TCF3,ACLY,0.028806921
TCF3,ADAMTSL3,0.16321164
TCF3,AGAP3,-0.449711569
TCF3,ANGPTL6,-0.432268538
TCF3,AQP3,0.771842795
TCF3,ARL6IP6,0.319256282
TCF3,BAZ1B,0.773085938
TCF3,C17orf58,-0.304646037
TCF3,CD4,0.548412638
TCF3,DDX56,-0.33722227
TCF3,EXO1,0.228740126
TCF3,EXOC3L1,0.685213991
TCF3,FAM83H,0.031465154
TCF3,FBXO44,-0.295766723
TCF3,GAS5,-0.569564019
TCF3,GFOD2,-0.047581866
TCF3,GIT2,0.660618493
TCF3,IK,0.312062897
TCF3,KALRN,0.267381305
TCF3,LRRC8D,-0.333567432
TCF3,MLLT6,0.504930469
TCF3,N4BP2L1,-0.300625942
TCF3,NDUFA4L2,-0.088614884
TCF3,NUDT1,0.455031387
TCF3,PHACTR3,0.166937034
TCF3,POLR1D,-0.38505133
TCF3,PPFIBP2,-0.010360963
TCF3,PSMB4,-0.074967237
TCF3,PYGO2,0.319209251
TCF3,RAPGEF5,0.130926575
TCF3,RBMS3,0.413939934
TCF3,RUSC1,0.561028682
TCF3,SLC5A5,0.492737823
TCF3,SORT1,-0.165508707
TCF3,SPP2,0.160601117
TCF3,STAG1,0.199760808
TCF3,SVEP1,0.404918444
TCF3,TCF21,-0.035431016
TCF3,TMPO,-0.053685306
TCF3,TNFAIP2,-0.009216013
TCF3,TOMM40L,0.652199782
TCF3,UBQLN4,0.079462302
TCF3,ZMAT2,-0.153366299
TCF7,APC,-0.388191675
TCF7,AXIN1,-0.21184483
TCF7,CTNNB1,0.26273287
TCF7,RUVBL1,0.029091009
TCF7,TERT,0.02443659
TCF7L1,AXIN1,0.793803431
TCF7L1,CTNNB1,-0.607424529
TCF7L2,AXIN1,0.106210662
TCF7L2,CSNK2A1,-0.172609869
TCF7L2,CTNNB1,0.321129541
TCF7L2,PTGS2,-0.126679886
TCF7L2,RUVBL1,-0.447576856
TCFL5,TOPBP1,-0.227869826
TERT,ETS2,-0.257317639
TERT,ETV4,0.591701093
TERT,RUVBL2,0.938050685
TERT,XRCC6,0.195476019
TGFA,EGFR,0.384436368
TGFA,ESR1,-0.371665546
TGFA,NKD2,0.115063487
TGFA,TP53,0.482422034
TGFB1,ASH1L,-0.28787805
TGFB1,DCN,0.299671798
TGFB1,FOSB,0.284203302
TGFB3,MYC,0.06991587
TGFB3,SMAD2,-0.303190786
TGFB3,SMAD3,-0.214625391
TGFB3,TGFBR1,-0.084434308
TGFBR1,CTNNB1,0.22502142
TGFBR1,E2F2,-0.095409837
TGFBR1,E2F4,-0.078512263
TGFBR1,E2F5,-0.28240961
TGFBR1,EGR1,0.05066626
TGFBR1,MYC,-0.585076107
TGFBR1,SMAD2,0.096377527
TGFBR1,SMAD3,-0.112569581
TGFBR1,TCF3,0.057688847
TGFBR2,ETV4,-0.262052609
TIMELESS,TIPIN,-0.315630011
TKT,EGR3,-0.189858061
TKT,RPIA,-0.709997873
TLE1,KDM6A,-0.104659887
TLE1,PAFAH1B3,0.108434037
TLE1,TK1,0.371456058
TLE1,ZFP64,0.163405885
TP53,AATF,-0.03745496
TP53,ACTL6B,-0.191618352
TP53,AHNAK,-0.272607463
TP53,AIDA,-0.775157477
TP53,AIFM2,0.674703664
TP53,ANXA3,0.473967445
TP53,ARHGAP10,0.218228995
TP53,ARID1A,0.447471959
TP53,ARIH2,-0.285542478
TP53,AURKA,0.06413171
TP53,BAK1,0.205728212
TP53,BARD1,-0.529535036
TP53,BAX,0.299642086
TP53,BAZ1B,0.149910692
TP53,BDP1,-0.526504368
TP53,BLM,-0.090100979
TP53,BRCA1,-0.425581224
TP53,BRD7,-0.401329197
TP53,C15orf40,-0.569438206
TP53,CAMK1,-0.236022723
TP53,CCNA2,-0.136342871
TP53,CCND1,-0.608565434
TP53,CDK5,0.18876908
TP53,COPS6,-0.038874593
TP53,COPS7A,-0.003015951
TP53,CSNK1D,0.403540113
TP53,CSNK2A1,0.716354431
TP53,CTNNB1,0.000964262
TP53,CUTA,0.264872771
TP53,DUSP1,-0.682103201
TP53,DUSP12,-0.155331553
TP53,E2F2,0.339748922
TP53,E2F4,0.187784889
TP53,E2F5,0.589147124
TP53,EGR1,0.114315881
TP53,EPHA2,-0.006636312
TP53,ERCC3,0.204988362
TP53,ESR1,-0.676004543
TP53,ETS2,0.029685969
TP53,ETV4,-0.406376759
TP53,FAS,0.261554936
TP53,FOS,-0.258511001
TP53,FRMD6,-0.110762078
TP53,FUS,0.224439317
TP53,FZD10,-0.806582821
TP53,GADD45A,-0.33481468
TP53,GADD45G,0.100968933
TP53,HDAC2,-0.309545065
TP53,HSP90AA1,-0.083456851
TP53,HSP90AB1,0.180192652
TP53,HSPA4,0.844920981
TP53,HSPB1,0.557735232
TP53,IGF1R,0.126856214
TP53,IK,0.109284709
TP53,KCNN3,0.049278257
TP53,KIN,-0.541070181
TP53,KLKB1,-0.512076976
TP53,LAMA4,0.485621895
TP53,MAPK1,0.013310046
TP53,MAPK3,0.345739864
TP53,MCC,0.319297938
TP53,MCM2,-0.131460418
TP53,MCM7,-0.23783934
TP53,MDC1,-0.357250206
TP53,MDM4,-0.227747207
TP53,MET,-0.61405801
TP53,MKI67,0.256740106
TP53,MLLT6,-0.194763458
TP53,MNAT1,-0.712154718
TP53,MYC,0.049662504
TP53,N4BP2L1,-0.608543691
TP53,NDRG1,0.270594605
TP53,NPM1,0.224497722
TP53,NQO1,-0.327832628
TP53,NSUN5,-0.071068818
TP53,OGG1,0.087092246
TP53,PAFAH1B3,0.329286803
TP53,PBK,-0.204016131
TP53,PBXIP1,-0.14299412
TP53,PCNA,0.347862483
TP53,PIAS1,0.185142894
TP53,PKN1,-0.058715305
TP53,PLK1,0.240388294
TP53,POLD1,0.119667774
TP53,PPFIBP2,-0.400832841
TP53,PPP1CC,-0.201466659
TP53,PRC1,-0.22750781
TP53,PRIM1,-0.702789984
TP53,PRKAB1,0.451739781
TP53,PRKDC,0.209914375
TP53,PRPF6,-0.25245366
TP53,PTBP1,-0.131805065
TP53,PTGS2,0.309954568
TP53,PTK2,0.332622007
TP53,PTPN13,-0.024125483
TP53,PTPRG,-0.333972497
TP53,PTTG1,0.137741045
TP53,PXDC1,0.19269623
TP53,RAB4A,-0.189067311
TP53,RAD51,-0.397719324
TP53,RB1,-0.228294575
TP53,RC3H1,-0.464710271
TP53,RRM2,0.062512485
TP53,RUVBL1,0.288680915
TP53,SCAMP1,-0.515039764
TP53,SCRIB,0.354858112
TP53,SEMA3F,0.404468369
TP53,SERPINE1,-0.054578458
TP53,SLC39A14,0.043503308
TP53,SMAD2,0.06133691
TP53,SMAD3,-0.125684822
TP53,SMARCA4,0.2156987
TP53,SMARCB1,0.457858796
TP53,SMARCD1,0.448098052
TP53,SMYD2,-0.115826568
TP53,SPON2,0.566318945
TP53,SPRYD4,0.198854521
TP53,STMN1,0.0341809
TP53,TCF7L1,-0.173872969
TP53,TCF7L2,-0.392744965
TP53,TERT,0.167558998
TP53,THRSP,-0.380000065
TP53,TK1,0.148998607
TP53,TNF,0.154636296
TP53,TSG101,-0.538473219
TP53,UBE2A,0.44181443
TP53,UBE2I,0.183361704
TP53,UBTF,-0.08298324
TP53,VRK1,-0.589417849
TP53,XPO1,-0.505493986
TP53,XRCC6,0.425682764
TP53,YBX1,-0.127013099
TP53,YWHAG,0.597896513
TP53,YWHAZ,0.482702125
TP53,ZHX1,-0.285786299
TRIM16,SETDB1,-0.139069101
TRIM24,CBX1,0.543895382
TRIM32,UBQLN4,-0.039339284
TRIP13,LASP1,0.685203762
TRIP13,NIF3L1,-0.085017859
TRIP13,PLSCR4,-0.223633814
TSC1,RHEB,0.206710281
TSC1,RPS6KA3,0.667064998
TSC2,PRKAA2,-0.182318129
TSG101,CEP55,0.240630777
TSG101,PPFIBP2,-0.102036035
TSG101,SCAMP3,-0.11620787
TSG101,SNF8,-0.412817646
TSG101,TTF2,0.506534942
TSG101,VPS37C,0.014146962
TTF2,HNRNPA1,0.390847793
TTF2,HNRNPA2B1,0.334040697
TTF2,KIF4A,0.481639171
TTF2,MATR3,0.312325053
TTF2,TACC3,0.343962652
UBE2T,FANCI,-0.20930496
UBE2T,NFYC,-0.173667318
UGDH,EGR2,-0.06958455
UGDH,EGR3,-0.772648707
UGDH,MYC,-0.115635891
UGDH,UXS1,-0.135634396
UGP2,GALE,0.437205796
UGP2,PGM1,0.379709186
UGP2,UGDH,-0.147677922
UGT2B15,ADH1A,0.33700779
UGT2B15,ESR1,0.752926895
UGT2B15,UGDH,0.087778596
UHRF1,TOP2A,0.846848774
UPF2,GSPT2,0.623230704
UPF2,ZFP36,0.037363179
UPF3B,GSPT2,0.557160336
UPF3B,POU2F1,-0.142760816
UPF3B,SATB2,0.408815421
UXS1,E2F4,0.160809826
UXS1,EGR1,0.381560622
WASF2,ARF1,-0.028025139
WASF2,NFYC,0.442542759
WASF2,POU2F1,0.361987122
WBP11,C5orf22,0.531767303
WBP11,MCRS1,0.496900202
WNT1,EGR1,-0.660483357
WNT1,FOS,-0.570103831
WNT1,FOSB,-0.300293425
WNT1,FZD10,-0.109501046
WNT10A,ATF2,-0.652588914
WNT10A,ATF5,-0.198662416
WNT10A,ESR1,-0.050139554
WNT10A,FZD10,-0.209255931
WNT10A,MYC,0.654304503
WNT10A,TCF3,0.182272855
WNT10B,LRP6,-0.571661208
WNT11,ATF2,0.169822674
WNT11,EGR1,-0.183768783
WNT11,ESR1,0.18238294
WNT11,FOS,-0.434431604
WNT11,FOSB,0.217273759
WNT11,FZD10,0.16571852
WNT16,FZD10,0.313745141
WNT16,NFYC,-0.080421866
WNT16,SFRP1,-0.59851725
WNT2,ATF5,-0.20441397
WNT2B,EGR1,-0.042918745
WNT2B,FOS,-0.300373405
WNT2B,FOSB,0.378905473
WNT2B,FZD10,0.081629012
WNT2B,MYC,-0.141983823
WNT2B,POU2F1,0.116716928
WNT2B,TCF3,0.271822261
WNT4,EGR1,-0.457226801
WNT4,FZD10,0.247872884
WNT5A,EGR2,0.269998041
WNT5A,EGR3,0.096684345
WNT5A,LRP6,0.040793707
WNT5B,FZD10,-0.248933697
WNT6,FZD10,0.000310966
WNT7A,LRP6,0.10987578
WNT7B,FZD10,0.073888105
WNT7B,ZIC2,0.194535502
WNT8A,FZD10,0.162847161
WNT8B,FZD10,0.143682415
WNT9A,LRP6,-0.524125304
WNT9B,LRP6,0.264798012
XRCC6,ACD,0.273011528
XRCC6,CCT3,0.598459893
XRCC6,CDCA5,0.622142961
XRCC6,PAFAH1B3,0.359048195
XRCC6,RPLP1,0.266347735
YBX1,FAS,0.410363872
YBX1,HNRNPK,0.309477277
YBX1,KPNA2,-0.173959325
YBX1,PCBP2,0.287674143
YBX1,SRSF9,-0.398055915
YBX1,TOP2A,0.136130875
YWHAB,CDC25B,0.528440743
YWHAB,CDC25C,0.178536261
YWHAB,MDM4,0.489532103
YWHAB,RNPS1,0.063612555
YWHAB,ZFP36,0.34674013
YWHAG,CDC25B,0.199099356
YWHAG,CDC25C,-0.013204901
YWHAG,EGR1,0.427598252
YWHAG,FOS,0.098352201
YWHAG,FOSB,0.209063249
YWHAG,HDAC4,0.376176356
YWHAG,MCM5,0.093137387
YWHAG,MDM4,0.175575985
YWHAG,RNPS1,0.490124394
YWHAG,ZFP36,0.338018512
YWHAZ,ATF2,-0.643742306
YWHAZ,CDC25B,0.099699675
YWHAZ,CDC25C,0.045603271
YWHAZ,EGR1,0.095212979
YWHAZ,HDAC4,-0.007978053
YWHAZ,MDM4,-0.436822142
YWHAZ,XRCC6,0.52179756
ZFP64,SETDB1,0.593392644
ZHX1,AKR1C3,0.1847147
ZHX1,PAFAH1B3,0.04140506
ZHX1,PIGC,0.335556032
ZIC2,ADAMTS1,-0.320009677
ZIC2,BUB3,-0.216543082
ZIC2,COL4A4,0.053783958
ZIC2,DHX30,0.347432727
ZIC2,ENSA,-0.570062184
ZIC2,HPX,-0.45399601
ZIC2,KDM6A,0.089836607
ZIC2,LRG1,-0.479275907
ZIC2,NDUFA4L2,-0.265304841
ZIC2,POLR3F,-0.106853181
ZIC2,PPFIBP2,0.110192012
ZIC2,SLC13A4,0.608258542
ZIC2,SSRP1,-0.062077411
ZIC2,THOC6,0.091805703
ZIC2,TPD52L1,-0.429879191
ZIC2,UBE2A,-0.389563064
ZIC2,ZNF189,-0.506482051
ZMYND11,BMPR1A,0.604673033
ZNF143,BUB1B,0.515848005
ZNF581,HNRNPC,0.199683785
ZNF7,RPL7,0.780804331
